path,lines,hash,imports,classes,functions,env_refs,config_refs,hardcoded_keys,hardcoded_urls,flags,suspicious
count_loc.py,43,9e173161a03a,['os'],[],"['count_loc_in_file', 'count_project_loc']",[],[],[],[],"{'sleep_calls': 0, 'broad_excepts': 0, 'broad_except_exception': 0, 'print_debug': 2, 'logger_root': 0, 'eval_exec': 0, 'threading': 0, 'asyncio_run': 0, 'requests_call': 0, 'web3_calls': 0, 'hardcoded_slippage': 0, 'gas_settings': 0}",[]
create_tree.py,116,8e52cd03af73,"['argparse', 'pathlib', 'textwrap']",[],"['create_tree', 'main']",[],[],[],[],"{'sleep_calls': 0, 'broad_excepts': 0, 'broad_except_exception': 0, 'print_debug': 8, 'logger_root': 0, 'eval_exec': 0, 'threading': 0, 'asyncio_run': 0, 'requests_call': 0, 'web3_calls': 0, 'hardcoded_slippage': 0, 'gas_settings': 0}",[]
generate_file_tree.py,123,706e42fe539d,"['argparse', 'pathlib', 'typing']",[],"['list_tree_lines', 'write_tree_file', 'main', '_walk']",[],[],[],[],"{'sleep_calls': 0, 'broad_excepts': 0, 'broad_except_exception': 2, 'print_debug': 2, 'logger_root': 0, 'eval_exec': 0, 'threading': 0, 'asyncio_run': 0, 'requests_call': 0, 'web3_calls': 0, 'hardcoded_slippage': 0, 'gas_settings': 0}",[]
jup_text.py,225,f3f6247fe614,"['aiohttp', 'argparse', 'asyncio', 'decimal', 'os', 'sys', 'traceback', 'trading.chains.solana.jupiter_executor', 'trading.orders.order_manager']",['MockOrder'],['__init__'],"['SOLANA_PRIVATE_KEY', 'SOLANA_RPC_URL']",[],[],"['https://api.mainnet-beta.solana.com', 'https://lite-api.jup.ag/swap/v1/quote']","{'sleep_calls': 0, 'broad_excepts': 0, 'broad_except_exception': 0, 'print_debug': 70, 'logger_root': 0, 'eval_exec': 0, 'threading': 0, 'asyncio_run': 2, 'requests_call': 0, 'web3_calls': 0, 'hardcoded_slippage': 0, 'gas_settings': 0}",[]
main.py,850,d22bce5ab5ff,"['argparse', 'asyncio', 'config.config_manager', 'core.engine', 'core.portfolio_manager', 'core.risk_manager', 'cryptography.fernet', 'data.collectors.dexscreener', 'data.storage.cache', 'data.storage.database', 'datetime', 'dotenv', 'logging', 'ml.models.ensemble_model', 'monitoring.alerts', 'monitoring.enhanced_dashboard', 'monitoring.logger', 'os', 'pathlib', 'scripts.backtest', 'scripts.train_models', 'security.encryption', 'security.wallet_security', 'signal', 'sys', 'trading.orders.order_manager', 'typing', 'web3']","['HealthChecker', 'TradingBotApplication']","['setup_multichain_config', 'setup_logger', 'parse_arguments', '__init__', '__init__', '_signal_handler', '_validate_environment']","['ARBITRUM_MIN_LIQUIDITY', 'BACKTEST_INITIAL_BALANCE', 'BASE_MIN_LIQUIDITY', 'BSC_MIN_LIQUIDITY', 'CHAIN_ID', 'DEFAULT_CHAIN', 'DEXSCREENER_API_KEY', 'DISCORD_WEBHOOK_URL', 'DISCOVERY_INTERVAL_SECONDS', 'DRY_RUN', 'ENABLED_CHAINS', 'ENCRYPTION_KEY', 'ETHEREUM_MIN_LIQUIDITY', 'JUPITER_MAX_SLIPPAGE_BPS', 'LOG_LEVEL', 'MAX_DAILY_LOSS_PERCENT', 'MAX_DRAWDOWN_PERCENT', 'MAX_GAS_PRICE', 'MAX_PAIRS_PER_CHAIN', 'MAX_POSITION_SIZE_PERCENT', 'MAX_SLIPPAGE', 'MIN_TRADE_SIZE_USD', 'ML_MIN_CONFIDENCE', 'ML_RETRAIN_INTERVAL_HOURS', 'POLYGON_MIN_LIQUIDITY', 'PRIORITY_GAS_MULTIPLIER', 'PRIVATE_KEY', 'REDIS_URL', 'SOLANA_ENABLED', 'SOLANA_MAX_AGE_HOURS', 'SOLANA_MIN_LIQUIDITY', 'SOLANA_MIN_VOLUME', 'SOLANA_PRIVATE_KEY', 'SOLANA_RPC_URL', 'TELEGRAM_BOT_TOKEN', 'TELEGRAM_CHAT_ID', 'TWITTER_API_KEY', 'TWITTER_API_SECRET', 'WEB3_BACKUP_PROVIDER_1', 'WEB3_BACKUP_PROVIDER_2', 'WEB3_PROVIDER_URL']","['config_manager.get_trading_config', 'config_manager.load_config']",[],"['https://api.dexscreener.com/latest', 'https://api.mainnet-beta.solana.com']","{'sleep_calls': 0, 'broad_excepts': 0, 'broad_except_exception': 0, 'print_debug': 6, 'logger_root': 0, 'eval_exec': 0, 'threading': 0, 'asyncio_run': 1, 'requests_call': 0, 'web3_calls': 1, 'hardcoded_slippage': 0, 'gas_settings': 0}",[]
scaffold.py,136,6897cbb397d8,['os'],[],"['ensure_dir', 'ensure_file']",[],[],[],[],"{'sleep_calls': 0, 'broad_excepts': 0, 'broad_except_exception': 0, 'print_debug': 1, 'logger_root': 0, 'eval_exec': 0, 'threading': 0, 'asyncio_run': 0, 'requests_call': 0, 'web3_calls': 0, 'hardcoded_slippage': 0, 'gas_settings': 0}",[]
setup.py,82,c33b9c895348,"['os', 'setuptools']",[],['read_requirements'],[],[],[],"['https://docs.claudedex.io', 'https://github.com/claudedex/trading-bot', 'https://github.com/claudedex/trading-bot/issues']","{'sleep_calls': 0, 'broad_excepts': 0, 'broad_except_exception': 0, 'print_debug': 0, 'logger_root': 0, 'eval_exec': 0, 'threading': 0, 'asyncio_run': 0, 'requests_call': 0, 'web3_calls': 0, 'hardcoded_slippage': 0, 'gas_settings': 0}",[]
setup_env_keys.py,148,763e01a3971a,"['cryptography.fernet', 'os', 'pathlib', 'secrets', 'sys']",[],"['generate_encryption_key', 'generate_jwt_secret', 'encrypt_private_key', 'main']",[],[],[],"['https://bsc-dataseed.binance.org/', 'https://eth-mainnet.g.alchemy.com/v2/your_alchemy_key']","{'sleep_calls': 0, 'broad_excepts': 0, 'broad_except_exception': 0, 'print_debug': 12, 'logger_root': 0, 'eval_exec': 0, 'threading': 0, 'asyncio_run': 0, 'requests_call': 0, 'web3_calls': 0, 'hardcoded_slippage': 0, 'gas_settings': 0}",[]
test_dexscreener_solana.py,271,a77372b2fe6c,"['asyncio', 'data.collectors.dexscreener', 'logging']",[],[],[],[],[],[],"{'sleep_calls': 0, 'broad_excepts': 0, 'broad_except_exception': 0, 'print_debug': 0, 'logger_root': 1, 'eval_exec': 0, 'threading': 0, 'asyncio_run': 1, 'requests_call': 0, 'web3_calls': 0, 'hardcoded_slippage': 0, 'gas_settings': 0}",[]
test_solana.py,311,df57b6587493,"['asyncio', 'decimal', 'logging', 'trading.chains.solana']",[],[],[],[],[],"['https://api.mainnet-beta.solana.com', 'https://mainnet.helius-rpc.com/?api-key=a78df2b2-9cfb-421b-86cf-801dddff77c4', 'https://quote-api.jup.ag/v6', 'https://rpc.ankr.com/solana_devnet/4daecdbd46f7cc39b14e343e5ee0cc0be57e5f52faa2aff6baefe3826227064d', 'https://solana-mainnet.g.alchemy.com/v2/p8TihQhCAIDgc5CdyPuX4']","{'sleep_calls': 0, 'broad_excepts': 0, 'broad_except_exception': 0, 'print_debug': 0, 'logger_root': 1, 'eval_exec': 0, 'threading': 0, 'asyncio_run': 1, 'requests_call': 0, 'web3_calls': 0, 'hardcoded_slippage': 0, 'gas_settings': 0}",[]
verify_references.py,902,16dafc2aa3b6,"['argparse', 'ast', 'collections', 'dataclasses', 'fnmatch', 'json', 'os', 're', 'typing']","['DefInfo', 'ClassInfo', 'ModuleInfo', 'CallSite', 'Problem', 'PyIndexer', 'CallCollector', 'CollMap', 'Analyzer']","['is_py', 'is_cfg', 'to_module', 'file_for_module', 'extract_sig', 'arg_summary', 'dotted_attr', 'read_file', 'resolve_relative', 'pretty_sig', 'parse_args', 'main', 'names', '__init__', 'visit_Import', 'visit_ImportFrom', 'visit_ClassDef', 'visit_FunctionDef', 'visit_AsyncFunctionDef', 'visit_Assign', '__init__', 'visit_ClassDef', 'visit_FunctionDef', 'visit_AsyncFunctionDef', 'visit_Call', '__init__', '_is_glob_excluded', 'walk', 'index', 'ensure_indexed', 'locate', '_check_sig', '_target_kind_from_sig', 'resolve_self_chain', 'locate_def', 'resolve_call', 'scan_configs', 'analyze', 'report_data', 'report_md', 'sec', 'collect_ann', 'norm']",[],[],[],[],"{'sleep_calls': 0, 'broad_excepts': 0, 'broad_except_exception': 5, 'print_debug': 4, 'logger_root': 0, 'eval_exec': 0, 'threading': 0, 'asyncio_run': 0, 'requests_call': 0, 'web3_calls': 0, 'hardcoded_slippage': 0, 'gas_settings': 0}",[]
xref_symbol_db.py,597,9b6bbee4be44,"['argparse', 'ast', 'collections', 'dataclasses', 'fnmatch', 'json', 'os', 'typing']",['Problem'],"['is_py', 'to_module', 'read_file', 'dotted_attr', 'arg_summary', 'scan_files', 'build_file_tree_md', 'extract_sig', 'build_symbol_db', 'write_symbol_md', 'import_table', 'ensure_in_db', 'class_has_method', 'synth_init_sig', 'get_sig', 'pretty_sig', 'check_sig', 'target_kind_from_sig', 'verify_with_db', 'parse_args', 'main', 'walk', 'names', 'resolve_relative', 'map_calls']",[],[],[],[],"{'sleep_calls': 0, 'broad_excepts': 0, 'broad_except_exception': 1, 'print_debug': 3, 'logger_root': 0, 'eval_exec': 0, 'threading': 0, 'asyncio_run': 0, 'requests_call': 0, 'web3_calls': 0, 'hardcoded_slippage': 0, 'gas_settings': 0}",[]
analysis/dev_analyzer.py,1010,352b98131841,"['__future__', 'aiohttp', 'asyncio', 'dataclasses', 'datetime', 'decimal', 'enum', 'eth_utils', 'hashlib', 'json', 'loguru', 'typing', 'utils.constants', 'utils.helpers', 'web3']","['DeveloperRisk', 'ProjectStatus', 'DeveloperProfile', 'ProjectAnalysis', 'DeveloperAnalyzer']","['__init__', '_calculate_reputation', '_determine_risk_level', '_calculate_transparency_score', '_identify_red_flags', '_identify_green_flags', '_calculate_project_score', '_determine_project_status', '_create_rugger_profile', '_create_trusted_profile', '_log_developer_summary', '_get_recommendation', 'get_risk_summary']",[],[],[],[],"{'sleep_calls': 0, 'broad_excepts': 0, 'broad_except_exception': 0, 'print_debug': 0, 'logger_root': 0, 'eval_exec': 0, 'threading': 0, 'asyncio_run': 0, 'requests_call': 0, 'web3_calls': 1, 'hardcoded_slippage': 0, 'gas_settings': 0}",[]
analysis/liquidity_monitor.py,997,712a8719549d,"['aiohttp', 'asyncio', 'core.event_bus', 'data.storage.cache', 'data.storage.database', 'dataclasses', 'datetime', 'decimal', 'logging', 'monitoring.alerts', 'numpy', 'pandas', 'typing']","['LiquidityEvent', 'SlippageEstimate', 'LiquidityMonitor']","['__init__', 'calculate_slippage', '_determine_slippage_risk', '_get_slippage_recommendation', 'calculate_slippage_sync', '_get_removal_recommendation', '_get_exit_recommendation']",[],[],[],"['https://api.defined.fi', 'https://api.dexscreener.com/latest/dex']","{'sleep_calls': 0, 'broad_excepts': 0, 'broad_except_exception': 0, 'print_debug': 0, 'logger_root': 0, 'eval_exec': 0, 'threading': 0, 'asyncio_run': 0, 'requests_call': 0, 'web3_calls': 0, 'hardcoded_slippage': 2, 'gas_settings': 0}",[]
analysis/market_analyzer.py,834,c43a1655386f,"['aiohttp', 'asyncio', 'core.event_bus', 'data.storage.cache', 'data.storage.database', 'dataclasses', 'datetime', 'decimal', 'logging', 'ml.models.ensemble_model', 'numpy', 'pandas', 'scipy', 'sklearn.decomposition', 'sklearn.preprocessing', 'typing']","['MarketCondition', 'TrendAnalysis', 'CorrelationMatrix', 'MarketAnalyzer']","['__init__', '_calculate_market_risk', '_detect_volume_spikes', '_get_regime_recommendation', 'calculate_market_sentiment', 'identify_market_trends']",[],[],[],[],"{'sleep_calls': 0, 'broad_excepts': 0, 'broad_except_exception': 0, 'print_debug': 0, 'logger_root': 0, 'eval_exec': 0, 'threading': 0, 'asyncio_run': 0, 'requests_call': 0, 'web3_calls': 0, 'hardcoded_slippage': 0, 'gas_settings': 0}",[]
analysis/pump_predictor.py,939,a7ce6418fdf7,"['analysis.market_analyzer', 'asyncio', 'core.event_bus', 'data.storage.cache', 'data.storage.database', 'dataclasses', 'datetime', 'decimal', 'logging', 'ml.models.pump_predictor', 'numpy', 'pandas', 'scipy', 'typing', 'warnings']","['PumpSignal', 'PumpPattern', 'PumpPredictorAnalysis']","['__init__', '_identify_pump_type', '_assess_pump_risk', '_get_signal_strength', '_determine_pump_status', '_get_default_signal', 'analyze_volume_patterns', 'detect_accumulation_phase_sync', 'detect_accumulation_phase', 'calculate_pump_probability']",[],[],[],[],"{'sleep_calls': 0, 'broad_excepts': 0, 'broad_except_exception': 0, 'print_debug': 0, 'logger_root': 0, 'eval_exec': 0, 'threading': 0, 'asyncio_run': 0, 'requests_call': 0, 'web3_calls': 0, 'hardcoded_slippage': 0, 'gas_settings': 0}",[]
analysis/rug_detector.py,871,b56c5ee22f17,"['aiohttp', 'asyncio', 'datetime', 'decimal', 'eth_account', 'json', 'logging', 'typing', 'web3']",['RugDetector'],"['__init__', '_initialize_web3', '_calculate_contract_risk_score', '_calculate_holder_risk_score', 'check_ownership_concentration', 'check_contract_vulnerabilities', 'calculate_rug_score', 'check_liquidity_removal_risk']",[],[],[],"['https://api.bscscan.com/api', 'https://api.etherscan.io/api', 'https://api.polygonscan.com/api']","{'sleep_calls': 0, 'broad_excepts': 0, 'broad_except_exception': 0, 'print_debug': 0, 'logger_root': 0, 'eval_exec': 0, 'threading': 0, 'asyncio_run': 0, 'requests_call': 0, 'web3_calls': 1, 'hardcoded_slippage': 0, 'gas_settings': 0}",[]
analysis/smart_contract_analyzer.py,1156,eba4bbcf60cf,"['aiohttp', 'asyncio', 'dataclasses', 'datetime', 'decimal', 'enum', 'eth_utils', 'hashlib', 'json', 'loguru', 're', 'typing', 'utils.constants', 'utils.helpers', 'web3', 'web3.contract']","['VulnerabilityLevel', 'ContractType', 'Vulnerability', 'ContractAnalysis', 'SmartContractAnalyzer']","['__init__', '_extract_functions', '_extract_modifiers', '_extract_events', '_calculate_risk_score', '_create_malicious_analysis', '_load_vulnerability_patterns', '_load_function_signatures', '_log_analysis_summary', '_detect_changes', 'get_risk_summary']",[],[],[],[],"{'sleep_calls': 0, 'broad_excepts': 4, 'broad_except_exception': 0, 'print_debug': 0, 'logger_root': 0, 'eval_exec': 0, 'threading': 0, 'asyncio_run': 0, 'requests_call': 0, 'web3_calls': 1, 'hardcoded_slippage': 0, 'gas_settings': 0}",[]
analysis/token_scorer.py,977,33714f0de5f6,"['analysis.liquidity_monitor', 'analysis.market_analyzer', 'analysis.rug_detector', 'asyncio', 'core.event_bus', 'data.storage.cache', 'data.storage.database', 'dataclasses', 'datetime', 'decimal', 'logging', 'ml.models.ensemble_model', 'numpy', 'pandas', 'scipy', 'typing']","['TokenScore', 'ScoringWeights', 'TokenScorer']","['__init__', '_adjust_score_for_risk', '_determine_grade', '_identify_strengths', '_identify_weaknesses', '_calculate_confidence', '_get_rank_value', '_generate_comparison_recommendation', '_is_cache_valid', '_get_default_score', 'calculate_fundamental_score', 'calculate_technical_score', 'calculate_social_score', 'get_overall_score']",[],[],[],[],"{'sleep_calls': 0, 'broad_excepts': 0, 'broad_except_exception': 0, 'print_debug': 0, 'logger_root': 0, 'eval_exec': 0, 'threading': 0, 'asyncio_run': 0, 'requests_call': 0, 'web3_calls': 0, 'hardcoded_slippage': 0, 'gas_settings': 0}",[]
analysis/__init__.py,2,6cbe75d1c295,[],[],[],[],[],[],[],"{'sleep_calls': 0, 'broad_excepts': 0, 'broad_except_exception': 0, 'print_debug': 0, 'logger_root': 0, 'eval_exec': 0, 'threading': 0, 'asyncio_run': 0, 'requests_call': 0, 'web3_calls': 0, 'hardcoded_slippage': 0, 'gas_settings': 0}",[]
config/config_manager.py,1040,90673cbd197d,"['__future__', 'aiofiles', 'asyncio', 'dataclasses', 'datetime', 'enum', 'hashlib', 'json', 'jsonschema', 'logging', 'os', 'pathlib', 'pydantic', 'pydantic.types', 'security.encryption', 'typing', 'yaml']","['ConfigType', 'ConfigSource', 'ConfigChange', 'TradingConfig', 'SecurityConfig', 'DatabaseConfig', 'APIConfig', 'MonitoringConfig', 'MLModelsConfig', 'RiskManagementConfig', 'PortfolioConfig', 'ConfigManager']","['validate_position_size', 'validate_rate_limit', 'validate_portfolio_risk', '__init__', '_load_config_from_env', '_is_float', '_decrypt_sensitive_values', 'validate_environment', 'load_config', 'validate_config', 'update_config', 'get_config', 'get_portfolio_config', 'get_config_internal', 'get_trading_config', 'get_security_config', 'get_database_config', 'get_api_config', 'get_monitoring_config', 'get_ml_models_config', 'get_risk_management_config', '_encrypt_sensitive_values', 'register_watcher', 'unregister_watcher', 'get_change_history', 'validate_config_internal', 'get_config_status', 'decrypt_recursive', 'encrypt_recursive']","['ENABLED_CHAINS', 'MAX_POSITION_SIZE_PERCENT', 'MAX_SLIPPAGE', 'MIN_OPPORTUNITY_SCORE']",[],[],[],"{'sleep_calls': 0, 'broad_excepts': 0, 'broad_except_exception': 1, 'print_debug': 0, 'logger_root': 0, 'eval_exec': 0, 'threading': 0, 'asyncio_run': 1, 'requests_call': 0, 'web3_calls': 0, 'hardcoded_slippage': 0, 'gas_settings': 0}",[]
config/settings.py,529,315e03aedd15,"['decimal', 'enum', 'os', 'pathlib', 'typing']","['Environment', 'ChainConfig', 'Settings']","['__init__', 'get_current_features', 'is_feature_enabled', 'get_chain_config_exMethod', 'get_chain_config', 'get_dex_config', 'get_gas_config', 'is_token_blacklisted', 'get_stablecoin_address', 'validate_environment', 'get_environment_info', 'get_database_url', 'get_redis_url']","['ALCHEMY_API_KEY', 'API_RATE_LIMIT', 'ARBITRUM_RPC_URL', 'AVALANCHE_RPC_URL', 'BASE_RPC_URL', 'BSC_RPC_URL', 'BSC_TESTNET_RPC_URL', 'CACHE_MAX_SIZE', 'CACHE_TTL', 'DATABASE_URL', 'DEBUG', 'DEXSCREENER_API_KEY', 'DISCORD_BOT_TOKEN', 'EMERGENCY_STOP_DRAWDOWN', 'ENCRYPTION_KEY', 'ENVIRONMENT', 'ETHEREUM_RPC_URL', 'FANTOM_RPC_URL', 'FEATURE_LOOKBACK_PERIOD', 'GOERLI_RPC_URL', 'HARDWARE_WALLET_ENABLED', 'HEALTH_CHECK_PORT', 'INFURA_API_KEY', 'JWT_SECRET', 'LOG_FORMAT', 'LOG_LEVEL', 'LOG_RETENTION_DAYS', 'LOG_ROTATION_SIZE', 'MAX_CONCURRENT_REQUESTS', 'MAX_CONSECUTIVE_LOSSES', 'MAX_DAILY_VOLUME', 'MAX_POSITION_SIZE', 'MAX_SLIPPAGE', 'METRICS_PORT', 'MIN_LIQUIDITY', 'MIN_TRAINING_SAMPLES', 'MODEL_UPDATE_INTERVAL', 'MORALIS_API_KEY', 'POLYGON_RPC_URL', 'PORTFOLIO_VAR_LIMIT', 'QUICKNODE_API_KEY', 'REDIS_URL', 'REQUEST_TIMEOUT', 'SECRET_KEY', 'TELEGRAM_BOT_TOKEN', 'TWITTER_API_KEY', 'WALLET_PASSWORD', 'WEB3_RATE_LIMIT', 'WORKER_THREADS']",[],[],"['https://api.avax.network/ext/bc/C/rpc', 'https://arb1.arbitrum.io/rpc', 'https://arbiscan.io', 'https://basescan.org', 'https://bsc-dataseed1.binance.org', 'https://bscscan.com', 'https://data-seed-prebsc-1-s1.binance.org:8545', 'https://eth-goerli.alchemyapi.io/v2/your-api-key', 'https://eth-mainnet.alchemyapi.io/v2/your-api-key', 'https://etherscan.io', 'https://ftmscan.com', 'https://goerli.etherscan.io', 'https://mainnet.base.org', 'https://polygon-rpc.com', 'https://polygonscan.com', 'https://rpc.fantom.network', 'https://snowtrace.io', 'https://testnet.bscscan.com']","{'sleep_calls': 0, 'broad_excepts': 0, 'broad_except_exception': 0, 'print_debug': 1, 'logger_root': 0, 'eval_exec': 0, 'threading': 0, 'asyncio_run': 0, 'requests_call': 0, 'web3_calls': 0, 'hardcoded_slippage': 0, 'gas_settings': 0}",[]
config/validation.py,779,f84a47d4d133,"['datetime', 'decimal', 'ipaddress', 'json', 'logging', 'pathlib', 'pydantic', 're', 'typing', 'urllib.parse', 'web3', 'yaml']","['ValidationResult', 'ConfigValidator']","['validate_trading_config', 'validate_security_config', '__init__', 'add_error', 'add_warning', 'add_recommendation', 'merge', 'to_dict', '__init__', 'validate_config', '_validate_trading_config', '_validate_security_config', '_validate_database_config', '_validate_api_config', '_validate_monitoring_config', '_validate_ml_models_config', '_validate_risk_management_config', '_validate_cross_config', '_is_valid_hostname', '_is_valid_ip', '_is_valid_url', '_is_valid_email', 'validate_ethereum_address', 'validate_private_key', 'validate_percentage', 'validate_decimal_string', 'validate_json_config', 'validate_yaml_config', 'generate_validation_report', 'validate_api_keys', 'check_required_fields']",[],[],[],[],"{'sleep_calls': 0, 'broad_excepts': 0, 'broad_except_exception': 2, 'print_debug': 0, 'logger_root': 0, 'eval_exec': 0, 'threading': 0, 'asyncio_run': 0, 'requests_call': 0, 'web3_calls': 0, 'hardcoded_slippage': 0, 'gas_settings': 0}",[]
config/__init__.py,2,6cbe75d1c295,[],[],[],[],[],[],[],"{'sleep_calls': 0, 'broad_excepts': 0, 'broad_except_exception': 0, 'print_debug': 0, 'logger_root': 0, 'eval_exec': 0, 'threading': 0, 'asyncio_run': 0, 'requests_call': 0, 'web3_calls': 0, 'hardcoded_slippage': 0, 'gas_settings': 0}",[]
core/decision_maker.py,968,ad2dbb2a2d5e,"['asyncio', 'dataclasses', 'datetime', 'decimal', 'enum', 'numpy', 'typing']","['TradingDecision', 'RiskScore', 'TradingOpportunity', 'StrategyType', 'DecisionMaker']","['__post_init__', '__init__', '_select_best_strategy', '_kelly_criterion', '_generate_reasoning', 'calculate_confidence_score', 'determine_action']",[],[],[],[],"{'sleep_calls': 0, 'broad_excepts': 0, 'broad_except_exception': 0, 'print_debug': 19, 'logger_root': 0, 'eval_exec': 0, 'threading': 0, 'asyncio_run': 0, 'requests_call': 0, 'web3_calls': 0, 'hardcoded_slippage': 0, 'gas_settings': 0}",[]
core/engine.py,2274,67220757da68,"['asyncio', 'collections', 'config.config_manager', 'core.decision_maker', 'core.event_bus', 'core.pattern_analyzer', 'core.portfolio_manager', 'core.risk_manager', 'data.collectors.chain_data', 'data.collectors.dexscreener', 'data.collectors.honeypot_checker', 'data.collectors.mempool_monitor', 'data.collectors.social_data', 'data.collectors.whale_tracker', 'data.storage.database', 'dataclasses', 'datetime', 'decimal', 'enum', 'json', 'logging', 'ml.models.ensemble_model', 'ml.optimization.hyperparameter', 'ml.optimization.reinforcement', 'monitoring.alerts', 'monitoring.logger', 'monitoring.performance', 'numpy', 'os', 'security.wallet_security', 'traceback', 'trading.chains.solana.jupiter_executor', 'trading.chains.solana.solana_client', 'trading.executors.base_executor', 'trading.orders.order_manager', 'trading.orders.position_tracker', 'trading.strategies', 'typing', 'uuid']","['BotState', 'TradingOpportunity', 'ClosedPositionRecord', 'TradingBotEngine']","['score', 'is_cooled_down', '__init__', '_setup_event_handlers', '_is_blacklisted', '_extract_features', '_calculate_pnl', '_calculate_pnl_percentage', '_calculate_slippage', '_calculate_gas_multiplier', '_should_retrain', '_check_memory_usage', '_check_cpu_usage', '_calculate_target_price', '_calculate_stop_loss', '_determine_risk_level', '_calculate_opportunity_score']",[],[],[],[],"{'sleep_calls': 0, 'broad_excepts': 0, 'broad_except_exception': 3, 'print_debug': 0, 'logger_root': 0, 'eval_exec': 0, 'threading': 0, 'asyncio_run': 0, 'requests_call': 0, 'web3_calls': 0, 'hardcoded_slippage': 2, 'gas_settings': 0}",[]
core/event_bus.py,806,f18c78c85f25,"['asyncio', 'collections', 'dataclasses', 'datetime', 'enum', 'json', 'typing', 'uuid']","['EventType', 'Event', 'EventSubscription', 'EventBus', 'EventLogger', 'EventAggregator']","['__init__', 'to_dict', 'to_json', '__init__', 'subscribe_sync', 'unsubscribe_sync', '_apply_filters', '_add_to_history', 'get_history', 'get_statistics', 'clear_dead_letter_queue', 'add_global_filter', 'remove_global_filter', 'create_event_stream', '__init__', 'read_events', '__init__', 'callback']",[],[],[],[],"{'sleep_calls': 0, 'broad_excepts': 0, 'broad_except_exception': 0, 'print_debug': 21, 'logger_root': 0, 'eval_exec': 0, 'threading': 0, 'asyncio_run': 0, 'requests_call': 0, 'web3_calls': 0, 'hardcoded_slippage': 0, 'gas_settings': 0}",[]
core/pattern_analyzer.py,1080,c11d81129fb3,"['asyncio', 'dataclasses', 'datetime', 'enum', 'numpy', 'pandas', 'scipy', 'sklearn.preprocessing', 'talib', 'typing']","['PatternType', 'Pattern', 'TrendInfo', 'SupportResistance', 'PatternAnalyzer']","['__init__', 'detect_chart_patterns', 'detect_candlestick_patterns', 'calculate_support_resistance', 'identify_trend', '_prepare_dataframe', '_calculate_trend_duration', '_cluster_levels', '_calculate_pattern_score', '_generate_signal', '_calculate_risk_reward']",[],[],[],[],"{'sleep_calls': 0, 'broad_excepts': 0, 'broad_except_exception': 0, 'print_debug': 24, 'logger_root': 0, 'eval_exec': 0, 'threading': 0, 'asyncio_run': 0, 'requests_call': 0, 'web3_calls': 0, 'hardcoded_slippage': 0, 'gas_settings': 0}",[]
core/portfolio_manager.py,681,c9fd5091a1f6,"['asyncio', 'collections', 'dataclasses', 'datetime', 'decimal', 'enum', 'numpy', 'pandas', 'typing']","['Position', 'PortfolioMetrics', 'AllocationStrategy', 'PortfolioManager']","['unrealized_pnl', 'value', 'age', '__init__', 'can_open_position', 'get_available_balance', '_equal_weight_allocation', 'get_portfolio_metrics', 'get_portfolio_summary', 'get_open_positions', 'get_performance_report', 'close_position', 'update_position', '_calculate_avg_win', '_calculate_avg_loss', '_calculate_profit_factor', '_calculate_risk_exposure', '_calculate_diversification_score', '_calculate_total_risk', '_check_daily_loss_limit']",[],[],[],[],"{'sleep_calls': 0, 'broad_excepts': 0, 'broad_except_exception': 0, 'print_debug': 14, 'logger_root': 0, 'eval_exec': 0, 'threading': 0, 'asyncio_run': 0, 'requests_call': 0, 'web3_calls': 0, 'hardcoded_slippage': 0, 'gas_settings': 0}",[]
core/risk_manager.py,1087,9a06b1af1136,"['asyncio', 'data.collectors.chain_data', 'data.collectors.honeypot_checker', 'dataclasses', 'datetime', 'decimal', 'enum', 'json', 'numpy', 'security.wallet_security', 'typing']","['RiskLevel', 'RiskScore', 'TradingOpportunity', 'Position', 'RiskManager']","['overall_risk', 'risk_level', '__init__', 'calculate_stop_loss', 'calculate_take_profit']",[],[],[],[],"{'sleep_calls': 0, 'broad_excepts': 0, 'broad_except_exception': 0, 'print_debug': 9, 'logger_root': 0, 'eval_exec': 0, 'threading': 0, 'asyncio_run': 0, 'requests_call': 0, 'web3_calls': 0, 'hardcoded_slippage': 0, 'gas_settings': 0}",[]
core/__init__.py,2,6cbe75d1c295,[],[],[],[],[],[],[],"{'sleep_calls': 0, 'broad_excepts': 0, 'broad_except_exception': 0, 'print_debug': 0, 'logger_root': 0, 'eval_exec': 0, 'threading': 0, 'asyncio_run': 0, 'requests_call': 0, 'web3_calls': 0, 'hardcoded_slippage': 0, 'gas_settings': 0}",[]
data/__init__.py,2,6cbe75d1c295,[],[],[],[],[],[],[],"{'sleep_calls': 0, 'broad_excepts': 0, 'broad_except_exception': 0, 'print_debug': 0, 'logger_root': 0, 'eval_exec': 0, 'threading': 0, 'asyncio_run': 0, 'requests_call': 0, 'web3_calls': 0, 'hardcoded_slippage': 0, 'gas_settings': 0}",[]
data/collectors/chain_data.py,733,2e8a44bef8be,"['aiohttp', 'asyncio', 'collections', 'dataclasses', 'datetime', 'decimal', 'eth_account', 'json', 'typing', 'web3', 'web3.middleware']","['TokenInfo', 'ContractInfo', 'LiquidityInfo', 'TransactionInfo', 'ChainDataCollector']","['__init__', '_setup_connections', 'get_web3', '_check_function_in_code']",[],[],[],[],"{'sleep_calls': 0, 'broad_excepts': 4, 'broad_except_exception': 4, 'print_debug': 14, 'logger_root': 0, 'eval_exec': 0, 'threading': 0, 'asyncio_run': 0, 'requests_call': 0, 'web3_calls': 4, 'hardcoded_slippage': 0, 'gas_settings': 0}",[]
data/collectors/dexscreener.py,1221,9c5114abac3d,"['aiohttp', 'asyncio', 'collections', 'dataclasses', 'datetime', 'json', 'numpy', 'time', 'traceback', 'typing']","['TokenPair', 'DexScreenerCollector']","['age_hours', 'buy_sell_ratio', '__init__', '_normalize_chain', 'stop_monitoring', '_parse_pair', '_pair_to_dict', '_filter_pair', '_detect_changes', 'get_stats']",[],[],[],['https://api.dexscreener.com'],"{'sleep_calls': 0, 'broad_excepts': 0, 'broad_except_exception': 0, 'print_debug': 23, 'logger_root': 0, 'eval_exec': 0, 'threading': 0, 'asyncio_run': 0, 'requests_call': 0, 'web3_calls': 0, 'hardcoded_slippage': 0, 'gas_settings': 0}",[]
data/collectors/honeypot_checker.py,937,9a1271cb274c,"['aiohttp', 'asyncio', 'decimal', 'json', 'logging', 'solders.pubkey', 'typing', 'utils.constants', 'utils.helpers', 'web3', 'web3.exceptions']",['HoneypotChecker'],"['__init__', '_calculate_solana_verdict', '_check_erc20_interface', '_is_blacklisted', '_get_chain_id', '_calculate_verdict', 'get_risk_score', 'update_blacklist', 'remove_from_blacklist', 'get_statistics']",[],[],[],"['https://api.gopluslabs.io/api/v1/token_security/{chain_id}', 'https://api.honeypot.is/v2/IsHoneypot', 'https://api.rugcheck.xyz/v1/tokens/{address}/report/summary', 'https://tokensniffer.com/api/v2/tokens/{chain_id}/{address}']","{'sleep_calls': 0, 'broad_excepts': 0, 'broad_except_exception': 0, 'print_debug': 0, 'logger_root': 0, 'eval_exec': 0, 'threading': 0, 'asyncio_run': 0, 'requests_call': 0, 'web3_calls': 1, 'hardcoded_slippage': 0, 'gas_settings': 0}",[]
data/collectors/mempool_monitor.py,700,e3f006cf4f0c,"['asyncio', 'collections', 'dataclasses', 'datetime', 'json', 'typing', 'web3']","['PendingTransaction', 'SandwichRisk', 'MEVOpportunity', 'MempoolMonitor']","['__init__', '_setup_connections', '_load_mev_bots', '_decode_swap', '_cleanup_old_txs', 'add_mev_bot', 'get_mempool_stats']",[],[],[],[],"{'sleep_calls': 0, 'broad_excepts': 0, 'broad_except_exception': 1, 'print_debug': 13, 'logger_root': 0, 'eval_exec': 0, 'threading': 0, 'asyncio_run': 0, 'requests_call': 0, 'web3_calls': 2, 'hardcoded_slippage': 0, 'gas_settings': 0}",[]
data/collectors/social_data.py,684,6c63c01f1cb1,"['aiohttp', 'asyncio', 'dataclasses', 'datetime', 'decimal', 'enum', 'hashlib', 'loguru', 'numpy', 're', 'textblob', 'typing', 'utils.constants', 'utils.helpers']","['SentimentLevel', 'SocialPlatform', 'SocialMetrics', 'InfluencerMention', 'SocialDataCollector']","['__init__', '_classify_sentiment', '_calculate_fomo_index', '_calculate_fear_index', '_calculate_trending_score', '_count_negative_keywords', 'calculate_social_score']",[],[],[],"['https://api.twitter.com/2/tweets/search/recent', 'https://oauth.reddit.com/search', 'https://www.reddit.com/api/v1/access_token']","{'sleep_calls': 0, 'broad_excepts': 0, 'broad_except_exception': 0, 'print_debug': 0, 'logger_root': 0, 'eval_exec': 0, 'threading': 0, 'asyncio_run': 0, 'requests_call': 0, 'web3_calls': 0, 'hardcoded_slippage': 0, 'gas_settings': 0}",[]
data/collectors/token_sniffer.py,848,98159ac86aed,"['aiohttp', 'asyncio', 'dataclasses', 'datetime', 'decimal', 'enum', 'hashlib', 'json', 'loguru', 're', 'typing', 'utils.constants', 'utils.helpers']","['TokenRisk', 'TokenFlag', 'TokenAnalysis', 'TokenMetrics', 'TokenSniffer']","['__init__', '_parse_token_sniffer_response', '_parse_goplus_response', '_parse_honeypot_response', '_parse_dextools_response', '_combine_analysis_data', '_calculate_risk', '_generate_recommendations', '_calculate_confidence', '_get_chain_id', '_get_dextools_chain', '_create_blacklisted_result', '_create_error_result', 'get_risk_summary', 'update_blacklist', 'update_whitelist', 'clear_cache', 'get_cache_stats']",[],[],[],"['https://api.dextools.io/v1', 'https://api.gopluslabs.io/api/v1', 'https://api.honeypot.is/v2', 'https://tokensniffer.com/api/v2']","{'sleep_calls': 0, 'broad_excepts': 0, 'broad_except_exception': 0, 'print_debug': 0, 'logger_root': 0, 'eval_exec': 0, 'threading': 0, 'asyncio_run': 0, 'requests_call': 0, 'web3_calls': 0, 'hardcoded_slippage': 0, 'gas_settings': 0}",[]
data/collectors/volume_analyzer.py,783,587c5bf5b112,"['aiohttp', 'asyncio', 'collections', 'dataclasses', 'datetime', 'decimal', 'enum', 'loguru', 'numpy', 'statistics', 'typing', 'utils.constants', 'utils.helpers']","['VolumePattern', 'VolumeProfile', 'TradeCluster', 'VolumeAnalyzer']","['__init__', '_analyze_trade_timing', '_analyze_trade_sizes', '_analyze_address_patterns', '_detect_bot_trading', '_detect_pump_pattern', '_detect_accumulation_distribution', '_detect_breakout', '_calculate_trade_similarity', '_analyze_time_distribution', '_calculate_avg_trade_size', '_calculate_velocity', '_calculate_time_coverage', '_calculate_confidence', '_empty_profile']",[],[],[],[],"{'sleep_calls': 0, 'broad_excepts': 0, 'broad_except_exception': 0, 'print_debug': 0, 'logger_root': 0, 'eval_exec': 0, 'threading': 0, 'asyncio_run': 0, 'requests_call': 0, 'web3_calls': 0, 'hardcoded_slippage': 0, 'gas_settings': 0}",[]
data/collectors/whale_tracker.py,527,e88c6f9240c2,"['aiohttp', 'asyncio', 'datetime', 'decimal', 'logging', 'numpy', 'typing', 'utils.constants', 'utils.helpers', 'web3']",['WhaleTracker'],"['__init__', 'get_whale_impact_score', '_calculate_risk_level', '_generate_recommendation', '_get_chain_id', '_get_erc20_abi', 'get_statistics']",[],[],[],[],"{'sleep_calls': 0, 'broad_excepts': 2, 'broad_except_exception': 0, 'print_debug': 0, 'logger_root': 0, 'eval_exec': 0, 'threading': 0, 'asyncio_run': 0, 'requests_call': 0, 'web3_calls': 1, 'hardcoded_slippage': 0, 'gas_settings': 0}",[]
data/collectors/__init__.py,2,6cbe75d1c295,[],[],[],[],[],[],[],"{'sleep_calls': 0, 'broad_excepts': 0, 'broad_except_exception': 0, 'print_debug': 0, 'logger_root': 0, 'eval_exec': 0, 'threading': 0, 'asyncio_run': 0, 'requests_call': 0, 'web3_calls': 0, 'hardcoded_slippage': 0, 'gas_settings': 0}",[]
data/processors/aggregator.py,537,96e38faaf6a6,"['asyncio', 'collections', 'datetime', 'decimal', 'loguru', 'numpy', 'pandas', 'statistics', 'typing']",['DataAggregator'],"['__init__', '_clean_source_data', '_validate_source_data', '_aggregate_prices', '_aggregate_volumes', '_aggregate_liquidity', '_aggregate_holder_metrics', '_aggregate_social_metrics', '_aggregate_technical_indicators', '_calculate_quality_score', '_detect_anomalies', '_record_conflict', 'merge_time_series', 'update_source_reliability', 'get_reliability_report', 'get_conflict_report']",[],[],[],[],"{'sleep_calls': 0, 'broad_excepts': 0, 'broad_except_exception': 0, 'print_debug': 0, 'logger_root': 0, 'eval_exec': 0, 'threading': 0, 'asyncio_run': 0, 'requests_call': 0, 'web3_calls': 0, 'hardcoded_slippage': 0, 'gas_settings': 0}",[]
data/processors/feature_extractor.py,743,b9436afd357b,"['datetime', 'decimal', 'loguru', 'numpy', 'pandas', 'scipy', 'scipy.signal', 'sklearn.preprocessing', 'talib', 'typing']",['FeatureExtractor'],"['__init__', 'extract_all_features', 'extract_price_features', 'extract_volume_features', 'extract_technical_indicators', 'extract_pattern_features', 'extract_market_features', 'extract_social_features', 'extract_chain_features', 'extract_risk_features', 'extract_interaction_features', 'extract_derived_features', '_detect_double_top', '_detect_double_bottom', '_detect_head_shoulders', '_detect_triangle', '_detect_flag', '_detect_doji', '_detect_hammer', '_detect_engulfing', 'create_feature_vector', 'get_feature_importance']",[],[],[],[],"{'sleep_calls': 0, 'broad_excepts': 0, 'broad_except_exception': 0, 'print_debug': 0, 'logger_root': 0, 'eval_exec': 0, 'threading': 0, 'asyncio_run': 0, 'requests_call': 0, 'web3_calls': 0, 'hardcoded_slippage': 0, 'gas_settings': 0}",[]
data/processors/normalizer.py,504,a304a5921507,"['dataclasses', 'datetime', 'decimal', 'enum', 'loguru', 'numpy', 'pandas', 're', 'typing']","['DataType', 'NormalizationConfig', 'DataNormalizer']","['__init__', '_default_config', 'normalize_batch', 'normalize_record', 'normalize_value', 'normalize_price', 'normalize_volume', 'normalize_market_cap', 'normalize_percentage', 'normalize_timestamp', 'normalize_address', 'normalize_symbol', 'normalize_chain', 'normalize_dex', 'normalize_transaction', 'normalize_dataframe', 'validate_normalized_data', 'merge_normalized_data', '_create_record_key', 'export_schema']",[],[],[],[],"{'sleep_calls': 0, 'broad_excepts': 1, 'broad_except_exception': 0, 'print_debug': 0, 'logger_root': 0, 'eval_exec': 0, 'threading': 0, 'asyncio_run': 0, 'requests_call': 0, 'web3_calls': 0, 'hardcoded_slippage': 0, 'gas_settings': 0}",[]
data/processors/validator.py,735,18a0dfb6d8f3,"['dataclasses', 'datetime', 'decimal', 'enum', 'loguru', 'numpy', 're', 'typing']","['ValidationLevel', 'DataField', 'ValidationResult', 'ValidationRule', 'DataValidator']","['__init__', '_initialize_rules', 'validate', '_apply_rule', '_validate_schema', '_check_consistency', '_check_required_fields', '_determine_field_type', '_validate_price', '_validate_volume', '_validate_liquidity', '_validate_address', '_validate_symbol', '_validate_timestamp', '_validate_percentage', '_calculate_quality_score', '_generate_suggestions', 'validate_batch', '_summarize_errors', '_summarize_warnings', 'register_custom_validator', 'add_rule', 'remove_rule', 'get_validation_stats', 'reset_stats', 'export_rules', 'import_rules']",[],[],[],[],"{'sleep_calls': 0, 'broad_excepts': 0, 'broad_except_exception': 1, 'print_debug': 0, 'logger_root': 0, 'eval_exec': 0, 'threading': 0, 'asyncio_run': 0, 'requests_call': 0, 'web3_calls': 0, 'hardcoded_slippage': 0, 'gas_settings': 0}",[]
data/processors/__init__.py,2,6cbe75d1c295,[],[],[],[],[],[],[],"{'sleep_calls': 0, 'broad_excepts': 0, 'broad_except_exception': 0, 'print_debug': 0, 'logger_root': 0, 'eval_exec': 0, 'threading': 0, 'asyncio_run': 0, 'requests_call': 0, 'web3_calls': 0, 'hardcoded_slippage': 0, 'gas_settings': 0}",[]
data/storage/cache.py,575,ef5e50de89ed,"['asyncio', 'datetime', 'logging', 'orjson', 'pickle', 'redis.asyncio', 'redis.asyncio.client', 'redis.exceptions', 'typing']",['CacheManager'],['__init__'],[],[],[],[],"{'sleep_calls': 0, 'broad_excepts': 9, 'broad_except_exception': 0, 'print_debug': 0, 'logger_root': 0, 'eval_exec': 0, 'threading': 0, 'asyncio_run': 0, 'requests_call': 0, 'web3_calls': 0, 'hardcoded_slippage': 0, 'gas_settings': 0}",[]
data/storage/database.py,905,9be00515cbf7,"['asyncio', 'asyncpg', 'asyncpg.pool', 'contextlib', 'datetime', 'decimal', 'logging', 'orjson', 'typing', 'urllib.parse']",['DatabaseManager'],"['__init__', 'safe_float']",[],[],[],[],"{'sleep_calls': 0, 'broad_excepts': 0, 'broad_except_exception': 0, 'print_debug': 0, 'logger_root': 0, 'eval_exec': 0, 'threading': 0, 'asyncio_run': 0, 'requests_call': 0, 'web3_calls': 0, 'hardcoded_slippage': 0, 'gas_settings': 0}",[]
data/storage/models.py,664,968746a47039,"['datetime', 'decimal', 'enum', 'sqlalchemy', 'sqlalchemy.dialects.postgresql', 'sqlalchemy.ext.declarative', 'sqlalchemy.orm', 'sqlalchemy.sql', 'typing', 'uuid']","['TradeSide', 'TradeStatus', 'PositionStatus', 'AlertPriority', 'Trade', 'Position', 'MarketData', 'Alert', 'TokenAnalysis', 'PerformanceMetrics', 'WhaleWallet', 'MEVTransaction', 'SystemLog']","['create_all_tables', 'drop_all_tables', 'validate_side', 'validate_status', 'to_dict', 'to_dict', 'to_dict', 'to_dict', 'to_dict']",[],[],[],[],"{'sleep_calls': 0, 'broad_excepts': 0, 'broad_except_exception': 0, 'print_debug': 0, 'logger_root': 0, 'eval_exec': 0, 'threading': 0, 'asyncio_run': 0, 'requests_call': 0, 'web3_calls': 0, 'hardcoded_slippage': 0, 'gas_settings': 0}",[]
data/storage/__init__.py,2,6cbe75d1c295,[],[],[],[],[],[],[],"{'sleep_calls': 0, 'broad_excepts': 0, 'broad_except_exception': 0, 'print_debug': 0, 'logger_root': 0, 'eval_exec': 0, 'threading': 0, 'asyncio_run': 0, 'requests_call': 0, 'web3_calls': 0, 'hardcoded_slippage': 0, 'gas_settings': 0}",[]
ml/__init__.py,2,6cbe75d1c295,[],[],[],[],[],[],[],"{'sleep_calls': 0, 'broad_excepts': 0, 'broad_except_exception': 0, 'print_debug': 0, 'logger_root': 0, 'eval_exec': 0, 'threading': 0, 'asyncio_run': 0, 'requests_call': 0, 'web3_calls': 0, 'hardcoded_slippage': 0, 'gas_settings': 0}",[]
ml/models/ensemble_model.py,1094,d57052f25977,"['asyncio', 'concurrent.futures', 'config.config_manager', 'data.collectors.dexscreener', 'dataclasses', 'datetime', 'joblib', 'json', 'lightgbm', 'numpy', 'pandas', 'pathlib', 'sklearn.ensemble', 'sklearn.model_selection', 'sklearn.preprocessing', 'sys', 'torch', 'torch.nn', 'torch.nn.functional', 'torch.utils.data', 'typing', 'xgboost']","['PredictionResult', 'LSTMPricePredictor', 'TransformerPredictor', 'EnsemblePredictor']","['__post_init__', '__init__', 'forward', '__init__', 'forward', '__init__', '_create_xgboost_model', '_create_lightgbm_model', '_create_random_forest_model', '_create_gradient_boosting_model', 'extract_features', '_calculate_weighted_average', '_get_feature_importance', 'calculate_weighted_score', 'update_weights']",[],[],[],[],"{'sleep_calls': 0, 'broad_excepts': 0, 'broad_except_exception': 1, 'print_debug': 4, 'logger_root': 0, 'eval_exec': 4, 'threading': 0, 'asyncio_run': 0, 'requests_call': 0, 'web3_calls': 0, 'hardcoded_slippage': 0, 'gas_settings': 0}",[]
ml/models/pump_predictor.py,921,ab43cfeed5ce,"['asyncio', 'datetime', 'joblib', 'lightgbm', 'logging', 'numpy', 'pandas', 'pathlib', 'pickle', 'sklearn.ensemble', 'sklearn.metrics', 'sklearn.model_selection', 'sklearn.preprocessing', 'tensorflow.keras.callbacks', 'tensorflow.keras.layers', 'tensorflow.keras.models', 'tensorflow.keras.optimizers', 'typing', 'xgboost']",['PumpPredictor'],"['__init__', '_initialize_models', '_build_lstm_model', 'prepare_sequences', 'extract_features', '_calculate_technical_indicators', '_calculate_market_features', '_identify_pump_patterns', '_detect_accumulation', '_detect_breakout', 'train', 'predict_pump_probability', 'predict_pump_probability_detailed', '_generate_pump_signals', '_calculate_rsi', '_calculate_macd', '_calculate_ema', '_calculate_bollinger_bands', '_calculate_vwap', '_calculate_obv', '_calculate_adx', '_calculate_stochastic', 'save_model', 'load_model', 'prepare_features', 'train_lstm', 'backtest']",[],[],[],[],"{'sleep_calls': 0, 'broad_excepts': 0, 'broad_except_exception': 0, 'print_debug': 0, 'logger_root': 0, 'eval_exec': 0, 'threading': 0, 'asyncio_run': 0, 'requests_call': 0, 'web3_calls': 0, 'hardcoded_slippage': 0, 'gas_settings': 0}",[]
ml/models/rug_classifier.py,612,f46bc9536ff1,"['asyncio', 'datetime', 'joblib', 'lightgbm', 'logging', 'numpy', 'pandas', 'pathlib', 'pickle', 'sklearn.calibration', 'sklearn.ensemble', 'sklearn.metrics', 'sklearn.model_selection', 'sklearn.neural_network', 'sklearn.preprocessing', 'typing', 'xgboost']",['RugClassifier'],"['__init__', '_initialize_models', 'extract_features', '_calculate_liquidity_removal_risk', 'train', 'predict', '_ensemble_predict_proba', '_calculate_ensemble_importance', 'analyze_token', '_identify_red_flags', '_generate_warnings', '_get_recommendation', '_calculate_confidence', 'save_model', 'load_model', 'update_model']",[],[],[],[],"{'sleep_calls': 0, 'broad_excepts': 0, 'broad_except_exception': 0, 'print_debug': 0, 'logger_root': 0, 'eval_exec': 0, 'threading': 0, 'asyncio_run': 0, 'requests_call': 0, 'web3_calls': 0, 'hardcoded_slippage': 0, 'gas_settings': 0}",[]
ml/models/volume_validator.py,633,175f9ddeed2b,"['dataclasses', 'datetime', 'decimal', 'joblib', 'lightgbm', 'loguru', 'numpy', 'pandas', 'pickle', 'sklearn.ensemble', 'sklearn.model_selection', 'sklearn.preprocessing', 'typing', 'warnings', 'xgboost']","['VolumeValidationResult', 'VolumeValidatorML']","['__init__', 'extract_features', 'train', 'predict', '_ensemble_predict', '_heuristic_validation', '_get_feature_importance', '_identify_risk_factors', '_estimate_real_volume', '_generate_recommendation', 'save_model', 'load_model', 'get_model_performance', 'needs_retraining']",[],[],[],[],"{'sleep_calls': 0, 'broad_excepts': 0, 'broad_except_exception': 0, 'print_debug': 0, 'logger_root': 0, 'eval_exec': 0, 'threading': 0, 'asyncio_run': 0, 'requests_call': 0, 'web3_calls': 0, 'hardcoded_slippage': 0, 'gas_settings': 0}",[]
ml/models/__init__.py,2,6cbe75d1c295,[],[],[],[],[],[],[],"{'sleep_calls': 0, 'broad_excepts': 0, 'broad_except_exception': 0, 'print_debug': 0, 'logger_root': 0, 'eval_exec': 0, 'threading': 0, 'asyncio_run': 0, 'requests_call': 0, 'web3_calls': 0, 'hardcoded_slippage': 0, 'gas_settings': 0}",[]
ml/optimization/hyperparameter.py,324,5d188a2a1d97,"['dataclasses', 'json', 'loguru', 'numpy', 'typing']","['HyperparameterSpace', 'HyperparameterOptimizer']","['__init__', '_default_config', '_define_parameter_spaces', '_calculate_objective', '_random_sample_params', '_bayesian_suggest_params', '_fit_gp_surrogate', '_expected_improvement', '_grid_search_next', 'get_best_parameters', 'get_optimization_summary']",[],[],[],[],"{'sleep_calls': 0, 'broad_excepts': 0, 'broad_except_exception': 0, 'print_debug': 0, 'logger_root': 0, 'eval_exec': 0, 'threading': 0, 'asyncio_run': 0, 'requests_call': 0, 'web3_calls': 0, 'hardcoded_slippage': 0, 'gas_settings': 0}",[]
ml/optimization/reinforcement.py,335,2bda24e8f994,"['collections', 'dataclasses', 'loguru', 'numpy', 'typing']","['State', 'Action', 'Experience', 'RLOptimizer']","['__init__', '_default_config', '_initialize_policy', '_extract_state', '_calculate_reward', '_select_action', '_random_action', '_greedy_action', '_discretize_state', '_action_to_key', '_action_from_key', 'get_current_policy', 'get_training_stats']",[],[],[],[],"{'sleep_calls': 0, 'broad_excepts': 0, 'broad_except_exception': 0, 'print_debug': 0, 'logger_root': 0, 'eval_exec': 0, 'threading': 0, 'asyncio_run': 0, 'requests_call': 0, 'web3_calls': 0, 'hardcoded_slippage': 0, 'gas_settings': 0}",[]
ml/optimization/__init__.py,2,6cbe75d1c295,[],[],[],[],[],[],[],"{'sleep_calls': 0, 'broad_excepts': 0, 'broad_except_exception': 0, 'print_debug': 0, 'logger_root': 0, 'eval_exec': 0, 'threading': 0, 'asyncio_run': 0, 'requests_call': 0, 'web3_calls': 0, 'hardcoded_slippage': 0, 'gas_settings': 0}",[]
ml/training/__init__.py,2,6cbe75d1c295,[],[],[],[],[],[],[],"{'sleep_calls': 0, 'broad_excepts': 0, 'broad_except_exception': 0, 'print_debug': 0, 'logger_root': 0, 'eval_exec': 0, 'threading': 0, 'asyncio_run': 0, 'requests_call': 0, 'web3_calls': 0, 'hardcoded_slippage': 0, 'gas_settings': 0}",[]
monitoring/alerts.py,1502,ad530bcb2b6e,"['aiohttp', 'asyncio', 'collections', 'dataclasses', 'datetime', 'decimal', 'enum', 'hashlib', 'hmac', 'json', 'logging', 'typing']","['AlertPriority', 'AlertType', 'NotificationChannel', 'Alert', 'AlertRule', 'ChannelConfig', 'AlertsSystem', 'AlertManager']","['escape_markdown', '__init__', '_default_config', '_initialize_channels', 'format_alert', '_get_emoji', '_get_color_for_priority', '_get_channels_for_priority', '_should_send_alert', '_check_rate_limit', '_generate_alert_id', '_format_position_opened', '_format_position_closed', '_format_stop_loss', '_format_take_profit', '_format_arbitrage_opportunity', '_format_whale_movement', '_format_volume_surge', '_format_signal', '_format_drawdown_alert', '_format_correlation_warning', '_format_risk_warning', '_format_margin_call', '_format_daily_summary', '_format_weekly_report', '_format_performance_metrics', '_format_aggregated_alerts', 'subscribe_to_alerts', 'add_rule', 'get_alert_stats', 'set_channel_enabled', 'update_channel_config', '__init__']",[],[],[],['https://api.telegram.org/bot{bot_token}/sendMessage'],"{'sleep_calls': 0, 'broad_excepts': 0, 'broad_except_exception': 0, 'print_debug': 0, 'logger_root': 0, 'eval_exec': 0, 'threading': 0, 'asyncio_run': 0, 'requests_call': 0, 'web3_calls': 0, 'hardcoded_slippage': 0, 'gas_settings': 0}",[]
monitoring/dashboard.py,1022,a1715f7dd50c,"['aiohttp', 'aiohttp_cors', 'aiohttp_sse', 'asyncio', 'dataclasses', 'datetime', 'decimal', 'enum', 'jinja2', 'json', 'logging', 'socketio', 'typing']","['DashboardSection', 'DashboardData', 'ChartData', 'Dashboard', 'DashboardManager']","['__init__', '_default_config', '_setup_routes', '_setup_socketio_handlers', 'update_dashboard_data', 'update_positions', 'update_orders', 'update_performance', 'update_risk', 'add_alert', 'generate_charts', 'add_chart', 'update_chart_data', '_serialize_dashboard_data', 'create_portfolio_chart', 'create_positions_chart', 'create_win_rate_chart', 'create_volume_chart', 'create_risk_gauge', '__init__']",[],[],[],['http://{self.host}:{self.port}'],"{'sleep_calls': 0, 'broad_excepts': 0, 'broad_except_exception': 0, 'print_debug': 0, 'logger_root': 0, 'eval_exec': 0, 'threading': 0, 'asyncio_run': 0, 'requests_call': 0, 'web3_calls': 0, 'hardcoded_slippage': 0, 'gas_settings': 0}",[]
monitoring/enhanced_dashboard.py,1735,99493bc26545,"['aiohttp', 'aiohttp_cors', 'aiohttp_sse', 'asyncio', 'collections', 'config.config_manager', 'csv', 'dataclasses', 'datetime', 'decimal', 'enum', 'io', 'jinja2', 'json', 'logging', 'pandas', 'socketio', 'statistics', 'typing']",['DashboardEndpoints'],"['__init__', '_serialize_decimals', '_setup_routes', '_setup_socketio', '_calculate_duration', '_filter_by_period']",[],[],[],['http://{self.host}:{self.port}'],"{'sleep_calls': 0, 'broad_excepts': 6, 'broad_except_exception': 2, 'print_debug': 0, 'logger_root': 0, 'eval_exec': 0, 'threading': 0, 'asyncio_run': 0, 'requests_call': 0, 'web3_calls': 0, 'hardcoded_slippage': 0, 'gas_settings': 0}",[]
monitoring/logger.py,1025,f84e1a4c86d9,"['asyncio', 'collections', 'dataclasses', 'datetime', 'decimal', 'enum', 'json', 'logging', 'logging.handlers', 'numpy', 'pandas', 'pathlib', 'sqlite3', 'statistics', 'sys', 'traceback', 'typing', 'uuid']","['MetricType', 'TradeRecord', 'PerformanceSnapshot', 'PerformanceTracker', 'StructuredLogger', 'JsonFormatter', 'ColoredFormatter', 'StandardFormatter', 'TradeFormatter']","['__init__', '_default_config', '_initialize_metrics', '_init_database', 'record_trade', '_update_metrics', '_log_trade', '_create_snapshot', 'get_performance_report', '__init__', '_default_config', '_get_formatter', 'log_trade', 'log_error', 'log_performance', 'setup_logging', '_save_error_to_file', 'format', 'format', '__init__', 'format']",[],[],[],[],"{'sleep_calls': 0, 'broad_excepts': 0, 'broad_except_exception': 0, 'print_debug': 0, 'logger_root': 0, 'eval_exec': 0, 'threading': 0, 'asyncio_run': 0, 'requests_call': 0, 'web3_calls': 0, 'hardcoded_slippage': 0, 'gas_settings': 0}",[]
monitoring/performance.py,1057,fa3d2b9a0ba4,"['asyncio', 'collections', 'dataclasses', 'datetime', 'decimal', 'enum', 'json', 'logging', 'logging.handlers', 'numpy', 'pandas', 'pathlib', 'sqlite3', 'statistics', 'sys', 'traceback', 'typing']","['MetricType', 'TradeRecord', 'PerformanceSnapshot', 'PerformanceTracker', 'StructuredLogger', 'JsonFormatter', 'ColoredFormatter', 'StandardFormatter', 'TradeFormatter']","['__init__', '_default_config', '_initialize_metrics', '_init_database', 'record_trade', '_update_metrics', '_log_trade', '_create_snapshot', 'get_performance_report', 'calculate_sharpe_ratio', 'calculate_max_drawdown', '_calculate_var', '__init__', '_default_config', 'setup_logging', '_get_formatter', 'format', 'format', '__init__', 'format']",[],[],[],[],"{'sleep_calls': 0, 'broad_excepts': 0, 'broad_except_exception': 0, 'print_debug': 0, 'logger_root': 0, 'eval_exec': 0, 'threading': 0, 'asyncio_run': 0, 'requests_call': 0, 'web3_calls': 0, 'hardcoded_slippage': 0, 'gas_settings': 0}",[]
monitoring/__init__.py,2,6cbe75d1c295,[],[],[],[],[],[],[],"{'sleep_calls': 0, 'broad_excepts': 0, 'broad_except_exception': 0, 'print_debug': 0, 'logger_root': 0, 'eval_exec': 0, 'threading': 0, 'asyncio_run': 0, 'requests_call': 0, 'web3_calls': 0, 'hardcoded_slippage': 0, 'gas_settings': 0}",[]
scripts/analyze_strategy.py,132,69d5ee16608b,"['argparse', 'asyncio', 'asyncpg', 'datetime', 'numpy', 'os', 'typing']",[],[],"['DB_HOST', 'DB_NAME', 'DB_PASSWORD', 'DB_PORT', 'DB_USER']",[],[],[],"{'sleep_calls': 0, 'broad_excepts': 0, 'broad_except_exception': 0, 'print_debug': 20, 'logger_root': 0, 'eval_exec': 0, 'threading': 0, 'asyncio_run': 1, 'requests_call': 0, 'web3_calls': 0, 'hardcoded_slippage': 0, 'gas_settings': 0}",[]
scripts/check_balance.py,74,f0f7fed9ab54,"['asyncio', 'decimal', 'os', 'web3']",[],[],"['ETH_RPC_URL', 'WALLET_ADDRESS']",[],[],[],"{'sleep_calls': 0, 'broad_excepts': 0, 'broad_except_exception': 0, 'print_debug': 11, 'logger_root': 0, 'eval_exec': 0, 'threading': 0, 'asyncio_run': 1, 'requests_call': 0, 'web3_calls': 1, 'hardcoded_slippage': 0, 'gas_settings': 0}",[]
scripts/close_all_positions.py,139,198ad34ad77d,"['argparse', 'asyncio', 'asyncpg', 'datetime', 'os', 'pathlib', 'sys', 'web3']",[],[],"['DB_HOST', 'DB_NAME', 'DB_PASSWORD', 'DB_PORT', 'DB_USER', 'ETH_RPC_URL']",[],[],[],"{'sleep_calls': 0, 'broad_excepts': 0, 'broad_except_exception': 0, 'print_debug': 17, 'logger_root': 0, 'eval_exec': 0, 'threading': 0, 'asyncio_run': 1, 'requests_call': 0, 'web3_calls': 1, 'hardcoded_slippage': 0, 'gas_settings': 0}",[]
scripts/daily_report.py,138,ac09d69b7491,"['asyncio', 'asyncpg', 'datetime', 'decimal', 'json', 'os']",[],[],"['DB_HOST', 'DB_NAME', 'DB_PASSWORD', 'DB_PORT', 'DB_USER']",[],[],[],"{'sleep_calls': 0, 'broad_excepts': 0, 'broad_except_exception': 0, 'print_debug': 24, 'logger_root': 0, 'eval_exec': 0, 'threading': 0, 'asyncio_run': 1, 'requests_call': 0, 'web3_calls': 0, 'hardcoded_slippage': 0, 'gas_settings': 0}",[]
scripts/dev_autofix_imports.py,329,cd72df0ff4ec,"['argparse', 'ast', 'os', 'pathlib', 're', 'sys', 'typing']",[],"['find_py_files', 'get_module_path', 'parse_imports', 'collect_annotation_names', 'build_local_name_index', 'insertion_index', 'ensure_future_annotations', 'ensure_import_lines', 'find_external_modules', 'is_local_module', 'normalize_req_line', 'main', 'visit_ann']",[],[],[],[],"{'sleep_calls': 0, 'broad_excepts': 0, 'broad_except_exception': 4, 'print_debug': 7, 'logger_root': 0, 'eval_exec': 0, 'threading': 0, 'asyncio_run': 0, 'requests_call': 0, 'web3_calls': 0, 'hardcoded_slippage': 0, 'gas_settings': 0}",[]
scripts/emergency_stop.py,90,587831ecd5f5,"['asyncio', 'asyncpg', 'datetime', 'os', 'redis']",[],[],"['DB_HOST', 'DB_NAME', 'DB_PASSWORD', 'DB_PORT', 'DB_USER', 'REDIS_HOST', 'REDIS_PORT']",[],[],[],"{'sleep_calls': 0, 'broad_excepts': 0, 'broad_except_exception': 0, 'print_debug': 21, 'logger_root': 0, 'eval_exec': 0, 'threading': 0, 'asyncio_run': 1, 'requests_call': 0, 'web3_calls': 0, 'hardcoded_slippage': 0, 'gas_settings': 0}",[]
scripts/export_trades.py,103,389b1bcd68f1,"['argparse', 'asyncio', 'asyncpg', 'datetime', 'json', 'os', 'pandas']",[],[],"['DB_HOST', 'DB_NAME', 'DB_PASSWORD', 'DB_PORT', 'DB_USER']",[],[],[],"{'sleep_calls': 0, 'broad_excepts': 0, 'broad_except_exception': 0, 'print_debug': 9, 'logger_root': 0, 'eval_exec': 0, 'threading': 0, 'asyncio_run': 1, 'requests_call': 0, 'web3_calls': 0, 'hardcoded_slippage': 0, 'gas_settings': 0}",[]
scripts/fix_illegal_relatives.py,207,954c41530dd2,"['argparse', 'ast', 'dataclasses', 'os', 'pathlib', 'typing']",['Replacement'],"['iter_py_files', 'path_to_module', 'module_exists', 'top_level_package', 'compute_absolute_from_relative', 'rewrite_import_line', 'fix_file', 'main']",[],[],[],[],"{'sleep_calls': 0, 'broad_excepts': 0, 'broad_except_exception': 0, 'print_debug': 2, 'logger_root': 0, 'eval_exec': 0, 'threading': 0, 'asyncio_run': 0, 'requests_call': 0, 'web3_calls': 0, 'hardcoded_slippage': 0, 'gas_settings': 0}",[]
scripts/generate_report.py,138,003470e4386b,"['argparse', 'asyncio', 'asyncpg', 'datetime', 'json', 'pandas', 'pathlib']",[],[],"['DB_HOST', 'DB_NAME', 'DB_PASSWORD', 'DB_PORT', 'DB_USER']",[],[],[],"{'sleep_calls': 0, 'broad_excepts': 0, 'broad_except_exception': 0, 'print_debug': 11, 'logger_root': 0, 'eval_exec': 0, 'threading': 0, 'asyncio_run': 1, 'requests_call': 0, 'web3_calls': 0, 'hardcoded_slippage': 0, 'gas_settings': 0}",[]
scripts/generate_solana_wallet.py,253,dfa510a9c8cd,"['base58', 'solders.keypair', 'sys']",[],"['generate_wallet', 'import_wallet', 'main']",[],[],[],"['https://api.mainnet-beta.solana.com', 'https://phantom.app/', 'https://solscan.io/account/{public_key}', 'https://www.binance.com/', 'https://www.coinbase.com/']","{'sleep_calls': 0, 'broad_excepts': 0, 'broad_except_exception': 0, 'print_debug': 112, 'logger_root': 0, 'eval_exec': 1, 'threading': 0, 'asyncio_run': 1, 'requests_call': 0, 'web3_calls': 0, 'hardcoded_slippage': 0, 'gas_settings': 0}",[]
scripts/health_check.py,71,9faead7657a4,"['aiohttp', 'asyncio', 'asyncpg', 'datetime', 'redis.asyncio', 'sys']",[],[],[],[],[],['http://localhost:8080/health'],"{'sleep_calls': 0, 'broad_excepts': 0, 'broad_except_exception': 0, 'print_debug': 2, 'logger_root': 0, 'eval_exec': 0, 'threading': 0, 'asyncio_run': 1, 'requests_call': 0, 'web3_calls': 0, 'hardcoded_slippage': 0, 'gas_settings': 0}",[]
scripts/init_config.py,183,25543efe81ff,"['cryptography.fernet', 'json', 'os', 'pathlib', 'secrets']",[],['init_config'],[],[],[],"['https://api.coingecko.com/api/v3', 'https://api.dexscreener.com', 'https://api.etherscan.io/api', 'https://bsc-dataseed.binance.org/', 'https://eth-mainnet.g.alchemy.com/v2/your_key']","{'sleep_calls': 0, 'broad_excepts': 0, 'broad_except_exception': 0, 'print_debug': 6, 'logger_root': 0, 'eval_exec': 0, 'threading': 0, 'asyncio_run': 0, 'requests_call': 0, 'web3_calls': 0, 'hardcoded_slippage': 0, 'gas_settings': 0}",[]
scripts/migrate_database.py,93,29e905e89963,"['asyncio', 'asyncpg', 'datetime', 'os', 'pathlib']",[],[],"['DB_HOST', 'DB_NAME', 'DB_PASSWORD', 'DB_PORT', 'DB_USER']",[],[],[],"{'sleep_calls': 0, 'broad_excepts': 0, 'broad_except_exception': 0, 'print_debug': 11, 'logger_root': 0, 'eval_exec': 0, 'threading': 0, 'asyncio_run': 1, 'requests_call': 0, 'web3_calls': 0, 'hardcoded_slippage': 0, 'gas_settings': 0}",[]
scripts/optimize_db.py,172,18e7ae39169c,"['asyncio', 'asyncpg', 'datetime', 'os']",[],[],"['DB_HOST', 'DB_NAME', 'DB_PASSWORD', 'DB_PORT', 'DB_USER']",[],[],[],"{'sleep_calls': 0, 'broad_excepts': 0, 'broad_except_exception': 0, 'print_debug': 29, 'logger_root': 0, 'eval_exec': 0, 'threading': 0, 'asyncio_run': 1, 'requests_call': 0, 'web3_calls': 0, 'hardcoded_slippage': 0, 'gas_settings': 0}",[]
scripts/overnight_summary.py,111,a699e0dd87da,"['asyncio', 'asyncpg', 'datetime', 'os']",[],[],"['DB_HOST', 'DB_NAME', 'DB_PASSWORD', 'DB_PORT', 'DB_USER']",[],[],[],"{'sleep_calls': 0, 'broad_excepts': 0, 'broad_except_exception': 0, 'print_debug': 22, 'logger_root': 0, 'eval_exec': 0, 'threading': 0, 'asyncio_run': 1, 'requests_call': 0, 'web3_calls': 0, 'hardcoded_slippage': 0, 'gas_settings': 0}",[]
scripts/post_update_check.py,178,4721022bf021,"['asyncio', 'asyncpg', 'os', 'pathlib', 'redis', 'sys', 'web3']",[],[],"['DB_HOST', 'DB_NAME', 'DB_PASSWORD', 'DB_PORT', 'DB_USER', 'ETH_RPC_URL', 'REDIS_HOST', 'REDIS_PORT']",[],[],[],"{'sleep_calls': 0, 'broad_excepts': 0, 'broad_except_exception': 0, 'print_debug': 31, 'logger_root': 0, 'eval_exec': 0, 'threading': 0, 'asyncio_run': 1, 'requests_call': 0, 'web3_calls': 1, 'hardcoded_slippage': 0, 'gas_settings': 0}",[]
scripts/reset_db_sequences.py,62,1266328d10cd,"['asyncio', 'asyncpg', 'os']",[],[],"['DB_HOST', 'DB_NAME', 'DB_PASSWORD', 'DB_PORT', 'DB_USER']",[],[],[],"{'sleep_calls': 0, 'broad_excepts': 0, 'broad_except_exception': 0, 'print_debug': 7, 'logger_root': 0, 'eval_exec': 0, 'threading': 0, 'asyncio_run': 1, 'requests_call': 0, 'web3_calls': 0, 'hardcoded_slippage': 0, 'gas_settings': 0}",[]
scripts/reset_nonce.py,49,d51daa58be24,"['asyncio', 'os', 'web3']",[],[],"['ETH_RPC_URL', 'WALLET_ADDRESS']",[],[],[],"{'sleep_calls': 0, 'broad_excepts': 0, 'broad_except_exception': 0, 'print_debug': 9, 'logger_root': 0, 'eval_exec': 0, 'threading': 0, 'asyncio_run': 1, 'requests_call': 0, 'web3_calls': 1, 'hardcoded_slippage': 0, 'gas_settings': 0}",[]
scripts/retrain_models.py,173,e32f16d4465d,"['argparse', 'asyncio', 'asyncpg', 'datetime', 'ml.models.pump_predictor', 'ml.models.rug_classifier', 'ml.models.volume_validator', 'numpy', 'os', 'pathlib', 'sys']",[],[],"['DB_HOST', 'DB_NAME', 'DB_PASSWORD', 'DB_PORT', 'DB_USER']",[],[],[],"{'sleep_calls': 0, 'broad_excepts': 0, 'broad_except_exception': 0, 'print_debug': 22, 'logger_root': 0, 'eval_exec': 0, 'threading': 0, 'asyncio_run': 1, 'requests_call': 0, 'web3_calls': 0, 'hardcoded_slippage': 0, 'gas_settings': 0}",[]
scripts/run_tests.py,244,2e8a5b1842fd,"['argparse', 'json', 'os', 'pathlib', 'psycopg2', 'redis', 'subprocess', 'sys', 'time', 'typing']",['TestRunner'],"['main', '__init__', 'setup_environment', 'check_test_database', 'create_test_database', 'check_redis', 'start_redis', 'run_tests', 'parse_results', 'generate_report', 'cleanup']",[],[],"['password=""test_password']",[],"{'sleep_calls': 1, 'broad_excepts': 2, 'broad_except_exception': 0, 'print_debug': 19, 'logger_root': 0, 'eval_exec': 0, 'threading': 0, 'asyncio_run': 0, 'requests_call': 0, 'web3_calls': 0, 'hardcoded_slippage': 0, 'gas_settings': 0}",[]
scripts/security_audit.py,159,6333705a92ac,"['asyncio', 'datetime', 'hashlib', 'json', 'os', 'pathlib']",[],[],"['DB_SSL_MODE', 'DB_USER', 'RATE_LIMIT_ENABLED']",[],[],[],"{'sleep_calls': 0, 'broad_excepts': 0, 'broad_except_exception': 0, 'print_debug': 27, 'logger_root': 0, 'eval_exec': 0, 'threading': 0, 'asyncio_run': 1, 'requests_call': 0, 'web3_calls': 0, 'hardcoded_slippage': 0, 'gas_settings': 0}",[]
scripts/setup_database.py,193,af7eee4aecd6,"['asyncio', 'asyncpg', 'os', 'pathlib', 'sys']",[],[],"['DB_HOST', 'DB_NAME', 'DB_PASSWORD', 'DB_PORT', 'DB_USER']",[],[],[],"{'sleep_calls': 0, 'broad_excepts': 0, 'broad_except_exception': 0, 'print_debug': 3, 'logger_root': 0, 'eval_exec': 0, 'threading': 0, 'asyncio_run': 1, 'requests_call': 0, 'web3_calls': 0, 'hardcoded_slippage': 0, 'gas_settings': 0}",[]
scripts/solana_wallet_balance.py,10,1d040e680247,['trading.chains.solana.solana_client'],[],[],[],[],[],['https://mainnet.helius-rpc.com/?api-key=a78df2b2-9cfb-421b-86cf-801dddff77c4'],"{'sleep_calls': 0, 'broad_excepts': 0, 'broad_except_exception': 0, 'print_debug': 1, 'logger_root': 0, 'eval_exec': 0, 'threading': 0, 'asyncio_run': 0, 'requests_call': 0, 'web3_calls': 0, 'hardcoded_slippage': 0, 'gas_settings': 0}",[]
scripts/strategy_analysis.py,180,2c0100da80cc,"['argparse', 'asyncio', 'asyncpg', 'collections', 'datetime', 'numpy', 'os']",[],[],"['DB_HOST', 'DB_NAME', 'DB_PASSWORD', 'DB_PORT', 'DB_USER']",[],[],[],"{'sleep_calls': 0, 'broad_excepts': 0, 'broad_except_exception': 0, 'print_debug': 27, 'logger_root': 0, 'eval_exec': 0, 'threading': 0, 'asyncio_run': 1, 'requests_call': 0, 'web3_calls': 0, 'hardcoded_slippage': 0, 'gas_settings': 0}",[]
scripts/test_alerts.py,52,99538b11a028,"['asyncio', 'monitoring.alerts', 'os', 'pathlib', 'sys']",[],[],"['DISCORD_WEBHOOK_URL', 'TELEGRAM_BOT_TOKEN', 'TELEGRAM_CHAT_ID']",[],[],[],"{'sleep_calls': 0, 'broad_excepts': 0, 'broad_except_exception': 0, 'print_debug': 6, 'logger_root': 0, 'eval_exec': 0, 'threading': 0, 'asyncio_run': 1, 'requests_call': 0, 'web3_calls': 0, 'hardcoded_slippage': 0, 'gas_settings': 0}",[]
scripts/test_apis.py,110,ba183eda022a,"['aiohttp', 'asyncio', 'datetime', 'os']",[],[],"['DEXSCREENER_API_KEY', 'ETHERSCAN_API_KEY', 'ETH_RPC_URL', 'GOPLUS_API_KEY']",[],[],"['https://api.dexscreener.com/latest/dex/tokens/0x2260FAC5E5542a773Aa44fBCfeDf7C193bc2C599', 'https://api.etherscan.io/api', 'https://api.gopluslabs.io/api/v1/token_security/1']","{'sleep_calls': 0, 'broad_excepts': 0, 'broad_except_exception': 0, 'print_debug': 10, 'logger_root': 0, 'eval_exec': 0, 'threading': 0, 'asyncio_run': 1, 'requests_call': 0, 'web3_calls': 0, 'hardcoded_slippage': 0, 'gas_settings': 0}",[]
scripts/test_solana_setup.py,33,b9c27897ff6d,"['asyncio', 'trading.chains.solana']",[],[],[],[],[],"['https://api.mainnet-beta.solana.com', 'https://quote-api.jup.ag/v6']","{'sleep_calls': 0, 'broad_excepts': 0, 'broad_except_exception': 0, 'print_debug': 5, 'logger_root': 0, 'eval_exec': 0, 'threading': 0, 'asyncio_run': 1, 'requests_call': 0, 'web3_calls': 0, 'hardcoded_slippage': 0, 'gas_settings': 0}",[]
scripts/train_models.py,1,e3b0c44298fc,[],[],[],[],[],[],[],"{'sleep_calls': 0, 'broad_excepts': 0, 'broad_except_exception': 0, 'print_debug': 0, 'logger_root': 0, 'eval_exec': 0, 'threading': 0, 'asyncio_run': 0, 'requests_call': 0, 'web3_calls': 0, 'hardcoded_slippage': 0, 'gas_settings': 0}",[]
scripts/update_blacklists.py,110,c1e345254fcd,"['aiohttp', 'asyncio', 'datetime', 'json', 'os', 'pathlib']",[],[],['GOPLUS_API_KEY'],[],[],"['https://api.gopluslabs.io/api/v1/RugPull_tokens/', 'https://api.gopluslabs.io/api/v1/token_security/1', 'https://raw.githubusercontent.com/MyEtherWallet/ethereum-lists/master/src/tokens/tokens-eth.json']","{'sleep_calls': 0, 'broad_excepts': 0, 'broad_except_exception': 0, 'print_debug': 15, 'logger_root': 0, 'eval_exec': 0, 'threading': 0, 'asyncio_run': 1, 'requests_call': 0, 'web3_calls': 0, 'hardcoded_slippage': 0, 'gas_settings': 0}",[]
scripts/update_models.py,63,7bf80f241763,"['argparse', 'asyncio', 'datetime', 'json', 'ml.models.ensemble_model', 'os', 'pathlib', 'sys']",[],[],[],[],[],[],"{'sleep_calls': 0, 'broad_excepts': 0, 'broad_except_exception': 0, 'print_debug': 11, 'logger_root': 0, 'eval_exec': 0, 'threading': 0, 'asyncio_run': 1, 'requests_call': 0, 'web3_calls': 0, 'hardcoded_slippage': 0, 'gas_settings': 0}",[]
scripts/verify_claudedex_plus.py,663,09f90d918694,"['argparse', 'ast', 'collections', 'dataclasses', 'glob', 'json', 'pathlib', 're', 'typing']","['ExpectedItem', 'FoundMethod', 'FileReport', '_CallCollector', '_AstCollector']","['_read_text', '_norm', '_ann_to_str', '_params_from_args', '_visibility_from_name', '_resolve_filename_under_root', 'parse_expectations_from_md', '_parse_tree_block_lines', 'parse_structure_md', 'collect_file_symbols', '_compare_signature', '_check_visibility', '_check_wrapper', 'generate_reports', 'render_markdown', 'main', '__init__', 'visit_Call', '__init__', 'visit_ClassDef', '_visit_func', 'visit_FunctionDef', 'visit_AsyncFunctionDef']",[],[],[],[],"{'sleep_calls': 0, 'broad_excepts': 0, 'broad_except_exception': 3, 'print_debug': 3, 'logger_root': 0, 'eval_exec': 0, 'threading': 0, 'asyncio_run': 0, 'requests_call': 0, 'web3_calls': 0, 'hardcoded_slippage': 0, 'gas_settings': 0}",[]
scripts/verify_claudedex_plus2.py,572,621316841024,"['argparse', 'ast', 'collections', 'dataclasses', 'glob', 'json', 'pathlib', 're', 'typing']","['ExpectedItem', 'FoundMethod', 'FileReport', '_CallCollector', '_AstCollector']","['_read_text', '_norm', '_ann_to_str', '_params_from_args', '_visibility_from_name', '_resolve_filename_under_root', 'parse_expectations_from_md', '_parse_tree_block_lines', 'parse_structure_md', 'collect_file_symbols', '_compare_signature', '_check_visibility', '_check_wrapper', '_enforce_interfaces', 'generate_reports', 'render_markdown', 'main', '__init__', 'visit_Call', '__init__', 'visit_ClassDef', '_visit_func', 'visit_FunctionDef', 'visit_AsyncFunctionDef']",[],[],[],[],"{'sleep_calls': 0, 'broad_excepts': 0, 'broad_except_exception': 4, 'print_debug': 3, 'logger_root': 0, 'eval_exec': 0, 'threading': 0, 'asyncio_run': 0, 'requests_call': 0, 'web3_calls': 0, 'hardcoded_slippage': 0, 'gas_settings': 0}",[]
scripts/verify_claudedex_plus3.py,527,00c761b0bd8c,"['argparse', 'ast', 'collections', 'dataclasses', 'difflib', 'glob', 'json', 'pathlib', 're', 'typing']","['ExpectedItem', 'FoundMethod', 'FileReport', '_CallCollector', '_AstCollector']","['_read_text', '_norm', '_ann_to_str', '_params_from_args', '_visibility_from_name', '_resolve_filename_under_root', '_split_params_safely', 'parse_expectations_from_md', 'parse_structure_md', 'collect_file_symbols', '_compare_signature', '_enforce_interfaces', '_closest', 'generate_reports', 'main', '_parse_tree_block_lines', '__init__', 'visit_Call', '__init__', 'visit_ClassDef', '_visit_func', 'visit_FunctionDef', 'visit_AsyncFunctionDef']",[],[],[],[],"{'sleep_calls': 0, 'broad_excepts': 0, 'broad_except_exception': 2, 'print_debug': 2, 'logger_root': 0, 'eval_exec': 0, 'threading': 0, 'asyncio_run': 0, 'requests_call': 0, 'web3_calls': 0, 'hardcoded_slippage': 0, 'gas_settings': 0}",[]
scripts/weekly_report.py,153,b01edd50deb2,"['asyncio', 'asyncpg', 'datetime', 'numpy', 'os']",[],[],"['DB_HOST', 'DB_NAME', 'DB_PASSWORD', 'DB_PORT', 'DB_USER']",[],[],[],"{'sleep_calls': 0, 'broad_excepts': 0, 'broad_except_exception': 0, 'print_debug': 24, 'logger_root': 0, 'eval_exec': 0, 'threading': 0, 'asyncio_run': 1, 'requests_call': 0, 'web3_calls': 0, 'hardcoded_slippage': 0, 'gas_settings': 0}",[]
scripts/withdraw_funds.py,157,79d654f1ce67,"['argparse', 'asyncio', 'decimal', 'eth_account', 'os', 'web3']",[],[],"['ETH_RPC_URL', 'WALLET_PRIVATE_KEY']",[],[],[],"{'sleep_calls': 0, 'broad_excepts': 0, 'broad_except_exception': 0, 'print_debug': 33, 'logger_root': 0, 'eval_exec': 0, 'threading': 0, 'asyncio_run': 1, 'requests_call': 0, 'web3_calls': 1, 'hardcoded_slippage': 0, 'gas_settings': 0}",[]
security/api_security.py,383,9da1fef71a28,"['collections', 'datetime', 'hashlib', 'hmac', 'ipaddress', 'jwt', 'logging', 'time', 'typing']",['APISecurityManager'],"['__init__', 'generate_api_key', 'revoke_api_key', 'generate_jwt_token', 'validate_jwt_token', 'add_ip_whitelist', 'add_ip_blacklist', '_check_ip_access', '_validate_api_key', '_validate_signature', '_check_permissions', '_load_api_keys', '_save_api_keys', 'validate_api_key', 'generate_jwt', 'verify_jwt']",[],[],[],[],"{'sleep_calls': 0, 'broad_excepts': 0, 'broad_except_exception': 0, 'print_debug': 0, 'logger_root': 0, 'eval_exec': 0, 'threading': 0, 'asyncio_run': 0, 'requests_call': 0, 'web3_calls': 0, 'hardcoded_slippage': 0, 'gas_settings': 0}",[]
security/audit_logger.py,821,ca59a7e3034e,"['aiofiles', 'asyncio', 'cryptography.hazmat.backends', 'cryptography.hazmat.primitives', 'cryptography.hazmat.primitives.hmac', 'dataclasses', 'datetime', 'enum', 'gzip', 'hashlib', 'hmac', 'json', 'logging', 'os', 'pathlib', 'typing', 'uuid']","['AuditEventType', 'AuditSeverity', 'AuditStatus', 'AuditEvent', 'AuditLogger']","['__init__', '_calculate_checksum', '_verify_checksum', 'get_metrics', 'matches_criteria']",[],[],[],[],"{'sleep_calls': 0, 'broad_excepts': 0, 'broad_except_exception': 0, 'print_debug': 0, 'logger_root': 0, 'eval_exec': 0, 'threading': 0, 'asyncio_run': 0, 'requests_call': 0, 'web3_calls': 0, 'hardcoded_slippage': 0, 'gas_settings': 0}",[]
security/encryption.py,270,48a99267a8fb,"['base64', 'cryptography.fernet', 'cryptography.hazmat.backends', 'cryptography.hazmat.primitives', 'cryptography.hazmat.primitives.kdf.pbkdf2', 'datetime', 'hashlib', 'json', 'logging', 'os', 'secrets', 'typing']",['EncryptionManager'],"['__init__', '_get_or_create_master_key', 'encrypt_sensitive_data', 'decrypt_sensitive_data', 'encrypt_api_key', 'decrypt_api_key', 'encrypt_wallet_key', 'decrypt_wallet_key', 'rotate_encryption_key', '_generate_key_id', 'secure_delete', 'encrypt_data', 'decrypt_data', 'generate_key', 'hash_password', 'verify_password']",[],[],[],[],"{'sleep_calls': 0, 'broad_excepts': 0, 'broad_except_exception': 1, 'print_debug': 0, 'logger_root': 0, 'eval_exec': 0, 'threading': 0, 'asyncio_run': 0, 'requests_call': 0, 'web3_calls': 0, 'hardcoded_slippage': 0, 'gas_settings': 0}",[]
security/wallet_security.py,677,e3b900242f30,"['asyncio', 'base64', 'cryptography.hazmat.backends', 'cryptography.hazmat.primitives', 'cryptography.hazmat.primitives.asymmetric', 'cryptography.hazmat.primitives.kdf.pbkdf2', 'dataclasses', 'datetime', 'decimal', 'enum', 'eth_account', 'hashlib', 'hdwallet', 'hdwallet.symbols', 'hmac', 'json', 'logging', 'os', 'secrets', 'security.encryption', 'typing', 'web3', 'web3.middleware']","['WalletType', 'SecurityLevel', 'WalletConfig', 'TransactionApproval', 'WalletSecurityManager']","['__init__', 'get_wallet_status', 'encrypt_private_key']",[],[],[],[],"{'sleep_calls': 0, 'broad_excepts': 0, 'broad_except_exception': 0, 'print_debug': 0, 'logger_root': 0, 'eval_exec': 0, 'threading': 0, 'asyncio_run': 0, 'requests_call': 0, 'web3_calls': 1, 'hardcoded_slippage': 0, 'gas_settings': 0}",[]
security/__init__.py,2,6cbe75d1c295,[],[],[],[],[],[],[],"{'sleep_calls': 0, 'broad_excepts': 0, 'broad_except_exception': 0, 'print_debug': 0, 'logger_root': 0, 'eval_exec': 0, 'threading': 0, 'asyncio_run': 0, 'requests_call': 0, 'web3_calls': 0, 'hardcoded_slippage': 0, 'gas_settings': 0}",[]
tests/conftest.py,319,009351af149a,"['aioredis', 'asyncio', 'asyncpg', 'config.config_manager', 'core.engine', 'core.risk_manager', 'data.storage.cache', 'data.storage.database', 'datetime', 'decimal', 'json', 'os', 'pathlib', 'pytest', 'security.audit_logger', 'security.wallet_security', 'sys', 'typing', 'unittest.mock']",[],"['event_loop', 'risk_manager', 'mock_dex_api', 'mock_market_data', 'sample_trading_opportunity', 'sample_position', 'benchmark_data', 'create_mock_token', 'create_mock_trade']",[],['config_manager.get_security_config'],[],[],"{'sleep_calls': 0, 'broad_excepts': 0, 'broad_except_exception': 0, 'print_debug': 0, 'logger_root': 0, 'eval_exec': 0, 'threading': 0, 'asyncio_run': 0, 'requests_call': 0, 'web3_calls': 0, 'hardcoded_slippage': 0, 'gas_settings': 0}",[]
tests/test_all.py,57,be6e936c3679,"['pathlib', 'pytest', 'sys']",[],['run_all_tests'],[],[],[],[],"{'sleep_calls': 0, 'broad_excepts': 0, 'broad_except_exception': 0, 'print_debug': 7, 'logger_root': 0, 'eval_exec': 0, 'threading': 0, 'asyncio_run': 0, 'requests_call': 0, 'web3_calls': 0, 'hardcoded_slippage': 0, 'gas_settings': 0}",[]
tests/__init__.py,2,6cbe75d1c295,[],[],[],[],[],[],[],"{'sleep_calls': 0, 'broad_excepts': 0, 'broad_except_exception': 0, 'print_debug': 0, 'logger_root': 0, 'eval_exec': 0, 'threading': 0, 'asyncio_run': 0, 'requests_call': 0, 'web3_calls': 0, 'hardcoded_slippage': 0, 'gas_settings': 0}",[]
tests/fixtures/mock_data.py,142,b3eb64ea6663,"['datetime', 'decimal', 'random', 'string', 'typing']",['MockDataGenerator'],"['generate_token_address', 'generate_token', 'generate_price_history', 'generate_trades', 'generate_whale_movement', 'generate_market_conditions']",[],[],[],[],"{'sleep_calls': 0, 'broad_excepts': 0, 'broad_except_exception': 0, 'print_debug': 0, 'logger_root': 0, 'eval_exec': 0, 'threading': 0, 'asyncio_run': 0, 'requests_call': 0, 'web3_calls': 0, 'hardcoded_slippage': 0, 'gas_settings': 0}",[]
tests/fixtures/test_helpers.py,126,12c993752315,"['asyncio', 'datetime', 'decimal', 'typing', 'unittest.mock']",['TestHelpers'],"['create_mock_web3_contract', 'assert_trade_valid', 'assert_position_valid', 'compare_decimals', 'generate_mock_config']",[],[],[],[],"{'sleep_calls': 0, 'broad_excepts': 0, 'broad_except_exception': 0, 'print_debug': 0, 'logger_root': 0, 'eval_exec': 0, 'threading': 0, 'asyncio_run': 0, 'requests_call': 0, 'web3_calls': 0, 'hardcoded_slippage': 0, 'gas_settings': 0}",[]
tests/integration/test_data_integration.py,225,6f7f7f39a332,"['aiohttp', 'asyncio', 'data.collectors.dexscreener', 'data.collectors.honeypot_checker', 'data.collectors.whale_tracker', 'data.processors.aggregator', 'data.storage.cache', 'data.storage.database', 'datetime', 'decimal', 'pytest', 'unittest.mock']",['TestDataIntegration'],['mock_config'],[],[],"['token = ""0x1234567890123456789012345678901234567890', 'token = ""0x1234567890123456789012345678901234567890', 'token = ""0x1234567890123456789012345678901234567890']","['https://honeypot.is/api', 'https://tokensniffer.com/api']","{'sleep_calls': 0, 'broad_excepts': 0, 'broad_except_exception': 0, 'print_debug': 0, 'logger_root': 0, 'eval_exec': 0, 'threading': 0, 'asyncio_run': 0, 'requests_call': 0, 'web3_calls': 0, 'hardcoded_slippage': 0, 'gas_settings': 0}",[]
tests/integration/test_dexscreener.py,44,8d9a16aa2c6b,"['asyncio', 'data.collectors.dexscreener', 'traceback']",[],[],[],[],[],[],"{'sleep_calls': 0, 'broad_excepts': 0, 'broad_except_exception': 0, 'print_debug': 6, 'logger_root': 0, 'eval_exec': 0, 'threading': 0, 'asyncio_run': 1, 'requests_call': 0, 'web3_calls': 0, 'hardcoded_slippage': 0, 'gas_settings': 0}",[]
tests/integration/test_ml_integration.py,166,471d7bb25a20,"['data.storage.database', 'datetime', 'decimal', 'ml.models.ensemble_model', 'ml.models.pump_predictor', 'ml.models.rug_classifier', 'numpy', 'pandas', 'pytest']",['TestMLIntegration'],['mock_config'],[],[],"['token = ""0x1234567890123456789012345678901234567890']",[],"{'sleep_calls': 0, 'broad_excepts': 0, 'broad_except_exception': 0, 'print_debug': 0, 'logger_root': 0, 'eval_exec': 0, 'threading': 0, 'asyncio_run': 0, 'requests_call': 0, 'web3_calls': 0, 'hardcoded_slippage': 0, 'gas_settings': 0}",[]
tests/integration/test_trading_integration.py,144,cbc082541fbe,"['datetime', 'decimal', 'pytest', 'trading.orders.order_manager', 'trading.orders.position_tracker', 'trading.strategies.momentum', 'trading.strategies.scalping', 'unittest.mock']",['TestTradingIntegration'],[],[],[],[],[],"{'sleep_calls': 0, 'broad_excepts': 0, 'broad_except_exception': 0, 'print_debug': 0, 'logger_root': 0, 'eval_exec': 0, 'threading': 0, 'asyncio_run': 0, 'requests_call': 0, 'web3_calls': 0, 'hardcoded_slippage': 0, 'gas_settings': 0}",[]
tests/performance/test_performance.py,203,31dea5de730c,"['asyncio', 'concurrent.futures', 'core.engine', 'data.storage.cache', 'data.storage.database', 'datetime', 'decimal', 'memory_profiler', 'ml.models.rug_classifier', 'numpy', 'os', 'psutil', 'pytest', 'time', 'trading.orders.order_manager']",['TestPerformance'],['mock_config'],[],[],[],[],"{'sleep_calls': 0, 'broad_excepts': 0, 'broad_except_exception': 0, 'print_debug': 6, 'logger_root': 0, 'eval_exec': 0, 'threading': 0, 'asyncio_run': 0, 'requests_call': 0, 'web3_calls': 0, 'hardcoded_slippage': 0, 'gas_settings': 0}",[]
tests/security/test_security.py,249,29a540be7421,"['asyncio', 'config.validation', 'datetime', 'hashlib', 'hmac', 'pytest', 'secrets', 'security.api_security', 'security.audit_logger', 'security.encryption', 'security.wallet_security', 'unittest.mock']",['TestSecurity'],['mock_config'],[],[],"['token = ""invalid.token.here']",[],"{'sleep_calls': 0, 'broad_excepts': 0, 'broad_except_exception': 0, 'print_debug': 0, 'logger_root': 0, 'eval_exec': 0, 'threading': 0, 'asyncio_run': 0, 'requests_call': 0, 'web3_calls': 0, 'hardcoded_slippage': 0, 'gas_settings': 0}",[]
tests/smoke/test_smoke.py,122,954d06291507,"['aiohttp', 'asyncio', 'core.engine', 'datetime', 'decimal', 'ml.models.rug_classifier', 'pytest']",['TestSmoke'],['mock_config'],[],"['config_manager.get_security_config', 'config_manager.get_trading_config']",[],"['https://api.coingecko.com/api/v3/ping', 'https://api.dexscreener.com/latest/dex/search']","{'sleep_calls': 0, 'broad_excepts': 1, 'broad_except_exception': 0, 'print_debug': 0, 'logger_root': 0, 'eval_exec': 0, 'threading': 0, 'asyncio_run': 0, 'requests_call': 0, 'web3_calls': 0, 'hardcoded_slippage': 0, 'gas_settings': 0}",[]
tests/unit/test_engine.py,206,22b73fa75e78,"['asyncio', 'core.engine', 'core.risk_manager', 'datetime', 'decimal', 'pytest', 'typing', 'unittest.mock']",['TestTradingBotEngine'],"['mock_config', 'engine']",[],[],[],[],"{'sleep_calls': 0, 'broad_excepts': 0, 'broad_except_exception': 0, 'print_debug': 0, 'logger_root': 0, 'eval_exec': 0, 'threading': 0, 'asyncio_run': 0, 'requests_call': 0, 'web3_calls': 0, 'hardcoded_slippage': 0, 'gas_settings': 0}",[]
tests/unit/test_risk_manager.py,170,be6c0cbbd138,"['core.risk_manager', 'datetime', 'decimal', 'pytest', 'unittest.mock']",['TestRiskManager'],['risk_manager'],[],[],[],[],"{'sleep_calls': 0, 'broad_excepts': 0, 'broad_except_exception': 0, 'print_debug': 0, 'logger_root': 0, 'eval_exec': 0, 'threading': 0, 'asyncio_run': 0, 'requests_call': 0, 'web3_calls': 0, 'hardcoded_slippage': 0, 'gas_settings': 0}",[]
trading/__init__.py,2,6cbe75d1c295,[],[],[],[],[],[],[],"{'sleep_calls': 0, 'broad_excepts': 0, 'broad_except_exception': 0, 'print_debug': 0, 'logger_root': 0, 'eval_exec': 0, 'threading': 0, 'asyncio_run': 0, 'requests_call': 0, 'web3_calls': 0, 'hardcoded_slippage': 0, 'gas_settings': 0}",[]
trading/chains/__init__.py,1,e3b0c44298fc,[],[],[],[],[],[],[],"{'sleep_calls': 0, 'broad_excepts': 0, 'broad_except_exception': 0, 'print_debug': 0, 'logger_root': 0, 'eval_exec': 0, 'threading': 0, 'asyncio_run': 0, 'requests_call': 0, 'web3_calls': 0, 'hardcoded_slippage': 0, 'gas_settings': 0}",[]
trading/chains/solana/jupiter_executor.py,762,58b21fc87e94,"['aiohttp', 'asyncio', 'base58', 'base64', 'datetime', 'decimal', 'json', 'logging', 'random', 'solders.keypair', 'solders.message', 'solders.pubkey', 'solders.transaction', 'time', 'trading.executors.base_executor', 'typing']",['JupiterExecutor'],"['__init__', '__del__']",[],[],[],"['https://api.mainnet-beta.solana.com', 'https://lite-api.jup.ag/swap/v1']","{'sleep_calls': 0, 'broad_excepts': 1, 'broad_except_exception': 0, 'print_debug': 0, 'logger_root': 0, 'eval_exec': 0, 'threading': 0, 'asyncio_run': 0, 'requests_call': 0, 'web3_calls': 0, 'hardcoded_slippage': 0, 'gas_settings': 0}",[]
trading/chains/solana/solana_client.py,125,ba75e12ad3b9,"['aiohttp', 'asyncio', 'decimal', 'logging', 'typing']",['SolanaClient'],['__init__'],[],[],[],[],"{'sleep_calls': 0, 'broad_excepts': 0, 'broad_except_exception': 0, 'print_debug': 0, 'logger_root': 0, 'eval_exec': 0, 'threading': 0, 'asyncio_run': 0, 'requests_call': 0, 'web3_calls': 0, 'hardcoded_slippage': 0, 'gas_settings': 0}",[]
trading/chains/solana/spl_token_handler.py,171,911f4c12a965,"['decimal', 'logging', 'typing']",['SPLTokenHandler'],"['get_token_decimals', '__init__', 'format_token_amount', 'to_raw_amount']",[],[],[],[],"{'sleep_calls': 0, 'broad_excepts': 0, 'broad_except_exception': 0, 'print_debug': 0, 'logger_root': 0, 'eval_exec': 0, 'threading': 0, 'asyncio_run': 0, 'requests_call': 0, 'web3_calls': 0, 'hardcoded_slippage': 0, 'gas_settings': 0}",[]
trading/chains/solana/__init__.py,25,5c718594febb,"['jupiter_executor', 'solana_client']",[],[],[],[],[],[],"{'sleep_calls': 0, 'broad_excepts': 0, 'broad_except_exception': 0, 'print_debug': 0, 'logger_root': 0, 'eval_exec': 0, 'threading': 0, 'asyncio_run': 0, 'requests_call': 0, 'web3_calls': 0, 'hardcoded_slippage': 0, 'gas_settings': 0}",[]
trading/executors/base_executor.py,1492,170d8e4fa8c2,"['abc', 'aiohttp', 'asyncio', 'dataclasses', 'datetime', 'decimal', 'enum', 'eth_account', 'json', 'logging', 'os', 'random', 'time', 'typing', 'web3']","['BaseExecutor', 'TradeOrder', 'ExecutionResult', 'ExecutionRoute', 'TradeExecutor']","['__init__', 'validate_order', '__init__', '_get_weth_address', '_load_abi', 'get_stats', 'validate_order']",[],[],[],['https://api.1inch.exchange/v5.0'],"{'sleep_calls': 0, 'broad_excepts': 0, 'broad_except_exception': 1, 'print_debug': 0, 'logger_root': 0, 'eval_exec': 0, 'threading': 0, 'asyncio_run': 0, 'requests_call': 0, 'web3_calls': 2, 'hardcoded_slippage': 0, 'gas_settings': 0}",[]
trading/executors/direct_dex.py,1190,b85f54d87f2c,"['asyncio', 'dataclasses', 'datetime', 'decimal', 'enum', 'eth_abi', 'eth_account', 'json', 'logging', 'random', 'time', 'trading.executors.base_executor', 'trading.orders.order_manager', 'typing', 'utils.constants', 'utils.helpers', 'web3', 'web3.contract', 'web3.middleware']","['DEXQuote', 'DirectDEXExecutor']","['__init__', '_get_native_token_address', '_calculate_fee', '_encode_v3_path', '_randomize_gas_price', 'format_token_amount']",[],[],[],[],"{'sleep_calls': 0, 'broad_excepts': 4, 'broad_except_exception': 0, 'print_debug': 0, 'logger_root': 0, 'eval_exec': 0, 'threading': 0, 'asyncio_run': 0, 'requests_call': 0, 'web3_calls': 1, 'hardcoded_slippage': 0, 'gas_settings': 0}",[]
trading/executors/mev_protection.py,1010,1b173ffc8432,"['aiohttp', 'asyncio', 'dataclasses', 'datetime', 'decimal', 'enum', 'eth_account', 'eth_account.datastructures', 'hashlib', 'json', 'logging', 'orders.order_manager', 'random', 'security.encryption', 'time', 'trading.executors.base_executor', 'trading.orders.order_manager', 'typing', 'utils.helpers', 'web3']","['MEVProtectionLevel', 'AttackType', 'MEVThreat', 'ProtectedTransaction', 'MEVProtectionLayer']","['__init__', '_apply_gas_randomization', '_sign_flashbots_bundle', '_calculate_tx_hash', 'format_token_amount']",[],[],[],"['https://api.blocknative.com', 'https://api.bloxroute.com', 'https://api.ethermine.org', 'https://relay.flashbots.net']","{'sleep_calls': 0, 'broad_excepts': 1, 'broad_except_exception': 0, 'print_debug': 0, 'logger_root': 0, 'eval_exec': 0, 'threading': 0, 'asyncio_run': 0, 'requests_call': 0, 'web3_calls': 1, 'hardcoded_slippage': 0, 'gas_settings': 0}",[]
trading/executors/toxisol_api.py,753,30b1e7dcc235,"['aiohttp', 'asyncio', 'dataclasses', 'datetime', 'decimal', 'enum', 'eth_account', 'eth_account.datastructures', 'hashlib', 'hmac', 'json', 'logging', 'security.encryption', 'time', 'trading.executors.base_executor', 'trading.orders.order_manager', 'typing', 'utils.helpers', 'web3']","['ToxiSolRoute', 'ToxiSolQuote', 'ToxiSolAPIExecutor']","['__init__', '_generate_signature', 'format_token_amount']",[],[],[],"['https://api.toxisol.com/v1', 'https://relay.flashbots.net/relay/v1/bundles']","{'sleep_calls': 0, 'broad_excepts': 1, 'broad_except_exception': 0, 'print_debug': 0, 'logger_root': 0, 'eval_exec': 0, 'threading': 0, 'asyncio_run': 0, 'requests_call': 0, 'web3_calls': 0, 'hardcoded_slippage': 0, 'gas_settings': 0}",[]
trading/executors/__init__.py,2,6cbe75d1c295,[],[],[],[],[],[],[],"{'sleep_calls': 0, 'broad_excepts': 0, 'broad_except_exception': 0, 'print_debug': 0, 'logger_root': 0, 'eval_exec': 0, 'threading': 0, 'asyncio_run': 0, 'requests_call': 0, 'web3_calls': 0, 'hardcoded_slippage': 0, 'gas_settings': 0}",[]
trading/orders/order_manager.py,1680,2a1eead859c9,"['asyncio', 'collections', 'dataclasses', 'datetime', 'decimal', 'enum', 'json', 'logging', 'typing', 'uuid']","['OrderStatus', 'OrderType', 'OrderSide', 'ExecutionStrategy', 'Order', 'OrderBook', 'Fill', 'OrderManager', 'ExecutionEngine', 'OrderRiskMonitor', 'SettlementProcessor']","['build_order', 'create_solana_order', 'create_evm_order', 'is_solana', 'is_evm', '__init__', '_default_config', '_initialize_components', '_update_slippage_metric', 'get_metrics', 'get_active_orders', '__init__', '__init__', '__init__']",[],[],[],[],"{'sleep_calls': 0, 'broad_excepts': 0, 'broad_except_exception': 0, 'print_debug': 0, 'logger_root': 0, 'eval_exec': 0, 'threading': 0, 'asyncio_run': 0, 'requests_call': 0, 'web3_calls': 0, 'hardcoded_slippage': 0, 'gas_settings': 0}",[]
trading/orders/position_tracker.py,1424,7a67f3cff92b,"['__future__', 'asyncio', 'collections', 'config.config_manager', 'dataclasses', 'datetime', 'decimal', 'enum', 'json', 'logging', 'statistics', 'typing']","['PositionStatus', 'PositionType', 'RiskLevel', 'Position', 'PortfolioSnapshot', 'PerformanceMetrics', 'PositionTracker']","['build_position', '__init__', '_default_config', '_initialize_performance_metrics', '_determine_risk_level', 'get_open_positions', 'get_portfolio_summary', 'get_performance_report']",[],[],[],[],"{'sleep_calls': 0, 'broad_excepts': 2, 'broad_except_exception': 0, 'print_debug': 0, 'logger_root': 0, 'eval_exec': 0, 'threading': 0, 'asyncio_run': 0, 'requests_call': 0, 'web3_calls': 0, 'hardcoded_slippage': 0, 'gas_settings': 0}",[]
trading/orders/__init__.py,2,6cbe75d1c295,[],[],[],[],[],[],[],"{'sleep_calls': 0, 'broad_excepts': 0, 'broad_except_exception': 0, 'print_debug': 0, 'logger_root': 0, 'eval_exec': 0, 'threading': 0, 'asyncio_run': 0, 'requests_call': 0, 'web3_calls': 0, 'hardcoded_slippage': 0, 'gas_settings': 0}",[]
trading/strategies/ai_strategy.py,977,519bcd9c721e,"['asyncio', 'base_strategy', 'core.pattern_analyzer', 'datetime', 'decimal', 'loguru', 'ml.models.ensemble_model', 'ml.models.pump_predictor', 'ml.models.rug_classifier', 'numpy', 'pandas', 'sklearn.preprocessing', 'typing', 'utils.helpers']",['AIStrategy'],"['__init__', 'validate_signal', '_determine_signal_strength', '_calculate_model_agreement', '_assess_feature_quality', '_prepare_pump_features', '_calculate_returns', '_calculate_log_returns', '_calculate_volatility', '_calculate_momentum', '_calculate_volume_ratio', '_calculate_vwap', '_calculate_skewness', '_calculate_kurtosis', '_calculate_hurst_exponent', '_calculate_rsi', '_calculate_macd_signal', '_calculate_bb_position', '_calculate_support_distance', '_calculate_resistance_distance', '_calculate_trend', 'get_feature_importance']",[],[],[],[],"{'sleep_calls': 0, 'broad_excepts': 0, 'broad_except_exception': 0, 'print_debug': 0, 'logger_root': 0, 'eval_exec': 0, 'threading': 0, 'asyncio_run': 0, 'requests_call': 0, 'web3_calls': 0, 'hardcoded_slippage': 0, 'gas_settings': 0}",[]
trading/strategies/base_strategy.py,880,9aefedc35286,"['abc', 'asyncio', 'dataclasses', 'datetime', 'decimal', 'enum', 'loguru', 'numpy', 'typing', 'utils.constants', 'utils.helpers', 'uuid']","['SignalType', 'SignalStrength', 'StrategyState', 'TradingSignal', 'StrategyPerformance', 'BaseStrategy']","['__init__', 'validate_signal', 'calculate_position_size', '_calculate_kelly_position', '_get_strength_multiplier', 'calculate_stop_loss', 'calculate_take_profit', '_create_order_from_signal', '_create_exit_signal', '_update_performance', 'should_analyze', 'get_performance_summary', 'calculate_sharpe_ratio', 'calculate_max_drawdown', 'reset', 'stop', 'start', 'get_active_positions', 'get_signal_history', 'get_trade_history']",[],[],[],[],"{'sleep_calls': 0, 'broad_excepts': 0, 'broad_except_exception': 0, 'print_debug': 0, 'logger_root': 0, 'eval_exec': 0, 'threading': 0, 'asyncio_run': 0, 'requests_call': 0, 'web3_calls': 0, 'hardcoded_slippage': 0, 'gas_settings': 0}",[]
trading/strategies/momentum.py,1324,437d2a9f0835,"['asyncio', 'collections', 'dataclasses', 'datetime', 'decimal', 'enum', 'logging', 'numpy', 'typing']","['MomentumType', 'TimeFrame', 'MomentumSignal', 'MomentumMetrics', 'MomentumStrategy']","['__init__', '_default_config', '_initialize_parameters', '_calculate_rsi_momentum', '_calculate_macd_momentum', '_calculate_price_velocity', '_calculate_smart_money_score', '_cluster_price_levels', '_select_best_signal', '_calculate_position_size', '_calculate_breakout_targets', '_calculate_breakout_stop_loss', '_calculate_ma_trend', '_detect_consolidation', '_detect_volume_buildup', '_detect_range_tightening', '_calculate_range', '_calculate_trend_targets', '_calculate_trend_stop_loss', '_calculate_volume_targets', '_calculate_smart_money_targets', '_calculate_smart_money_stop_loss', 'get_performance_metrics', '_get_signal_distribution', '_calculate_average_strength', '_calculate_success_rate', 'calculate_momentum', 'identify_entry_points', 'calculate_position_size']",[],[],[],[],"{'sleep_calls': 0, 'broad_excepts': 15, 'broad_except_exception': 0, 'print_debug': 0, 'logger_root': 0, 'eval_exec': 0, 'threading': 0, 'asyncio_run': 0, 'requests_call': 0, 'web3_calls': 0, 'hardcoded_slippage': 0, 'gas_settings': 0}",[]
trading/strategies/scalping copy.py,1135,2139e5e83eac,[],[],[],[],[],[],[],"{'sleep_calls': 0, 'broad_excepts': 7, 'broad_except_exception': 0, 'print_debug': 0, 'logger_root': 0, 'eval_exec': 0, 'threading': 0, 'asyncio_run': 0, 'requests_call': 0, 'web3_calls': 0, 'hardcoded_slippage': 0, 'gas_settings': 0}","['ASTError:unterminated string literal (detected at line 983) (scalping copy.py, line 983)']"
trading/strategies/scalping.py,644,4e6c966f7765,"['asyncio', 'dataclasses', 'datetime', 'decimal', 'enum', 'logging', 'numpy', 'typing', 'utils.constants', 'utils.helpers']","['ScalpingSignal', 'ScalpingOpportunity', 'ScalpingStrategy']","['__init__', '_validate_market_conditions', '_calculate_rsi', '_calculate_macd', '_calculate_bollinger_bands', '_calculate_momentum', '_identify_support_resistance', '_identify_signal', '_calculate_entry_price', '_calculate_target_price', '_calculate_stop_loss', '_calculate_confidence', '_calculate_expected_profit', '_assess_risk', '_determine_time_window', '_calculate_position_size', '_update_statistics', 'get_statistics']",[],[],[],[],"{'sleep_calls': 0, 'broad_excepts': 0, 'broad_except_exception': 0, 'print_debug': 0, 'logger_root': 0, 'eval_exec': 0, 'threading': 0, 'asyncio_run': 0, 'requests_call': 0, 'web3_calls': 0, 'hardcoded_slippage': 0, 'gas_settings': 0}",[]
trading/strategies/__init__.py,80,c8e844545e3b,"['ai_strategy', 'logging', 'momentum', 'scalping', 'typing']",['StrategyManager'],"['__init__', 'select_strategy', 'get_parameters']",[],[],[],[],"{'sleep_calls': 0, 'broad_excepts': 0, 'broad_except_exception': 0, 'print_debug': 0, 'logger_root': 0, 'eval_exec': 0, 'threading': 0, 'asyncio_run': 0, 'requests_call': 0, 'web3_calls': 0, 'hardcoded_slippage': 0, 'gas_settings': 0}",[]
utils/constants.py,457,7efb2e621eb9,"['decimal', 'enum', 'typing']","['Chain', 'DEX', 'TradingMode', 'SignalStrength', 'MarketCondition', 'OrderType', 'OrderStatus']",[],[],[],[],"['https://api.gopluslabs.io/api/v1', 'https://arb-mainnet.g.alchemy.com/v2/bAwxYCUc1oIDIIYAL3w98NKh00DQK45B', 'https://arbiscan.io', 'https://base-mainnet.g.alchemy.com/v2/bAwxYCUc1oIDIIYAL3w98NKh00DQK45B', 'https://basescan.org', 'https://bnb-mainnet.g.alchemy.com/v2/bAwxYCUc1oIDIIYAL3w98NKh00DQK45B', 'https://bsc-dataseed2.binance.org', 'https://bscscan.com', 'https://eth-mainnet.g.alchemy.com/v2/bAwxYCUc1oIDIIYAL3w98NKh00DQK45B', 'https://etherscan.io', 'https://honeypot.is/api', 'https://mainnet.infura.io/v3/c5cbdbc6ba4f42d293de03e5cd191089', 'https://polygon-mainnet.g.alchemy.com/v2/bAwxYCUc1oIDIIYAL3w98NKh00DQK45B', 'https://polygonscan.com', 'https://rpc.ankr.com/arbitrum/85e891889f34c452ace96e25a7422fd8996bd74a0f34bb96a0cd4bb79af6080a', 'https://rpc.ankr.com/base/85e891889f34c452ace96e25a7422fd8996bd74a0f34bb96a0cd4bb79af6080a', 'https://rpc.ankr.com/bsc/85e891889f34c452ace96e25a7422fd8996bd74a0f34bb96a0cd4bb79af6080a', 'https://rpc.ankr.com/eth/4daecdbd46f7cc39b14e343e5ee0cc0be57e5f52faa2aff6baefe3826227064d', 'https://rpc.ankr.com/polygon/85e891889f34c452ace96e25a7422fd8996bd74a0f34bb96a0cd4bb79af6080a', 'https://tokensniffer.com/api']","{'sleep_calls': 0, 'broad_excepts': 0, 'broad_except_exception': 0, 'print_debug': 0, 'logger_root': 0, 'eval_exec': 0, 'threading': 0, 'asyncio_run': 0, 'requests_call': 0, 'web3_calls': 0, 'hardcoded_slippage': 0, 'gas_settings': 0}",[]
utils/helpers.py,421,107a3af7cabd,"['aiohttp', 'asyncio', 'datetime', 'decimal', 'functools', 'hashlib', 'hmac', 'json', 'logging', 'math', 'numpy', 're', 'time', 'typing', 'web3']",['TTLCache'],"['retry_async', 'measure_time', 'rate_limit', 'is_valid_address', 'normalize_address', 'wei_to_ether', 'ether_to_wei', 'format_token_amount', 'to_base_unit', 'calculate_percentage_change', 'calculate_slippage', 'round_to_significant_digits', 'calculate_profit_loss', 'calculate_moving_average', 'calculate_ema', 'get_timestamp', 'get_timestamp_ms', 'format_timestamp', 'parse_timeframe', 'is_market_hours', 'format_number', 'format_currency', 'truncate_string', 'safe_json_loads', 'deep_merge_dicts', 'validate_token_symbol', 'validate_chain_id', 'sanitize_input', 'generate_signature', 'hash_data', 'mask_sensitive_data', 'chunk_list', 'decorator', 'sync_wrapper', 'decorator', '__init__', 'get', 'set', 'clear']",[],[],[],[],"{'sleep_calls': 0, 'broad_excepts': 3, 'broad_except_exception': 0, 'print_debug': 0, 'logger_root': 0, 'eval_exec': 0, 'threading': 0, 'asyncio_run': 0, 'requests_call': 0, 'web3_calls': 0, 'hardcoded_slippage': 0, 'gas_settings': 0}",[]
utils/__init__.py,2,6cbe75d1c295,[],[],[],[],[],[],[],"{'sleep_calls': 0, 'broad_excepts': 0, 'broad_except_exception': 0, 'print_debug': 0, 'logger_root': 0, 'eval_exec': 0, 'threading': 0, 'asyncio_run': 0, 'requests_call': 0, 'web3_calls': 0, 'hardcoded_slippage': 0, 'gas_settings': 0}",[]
