source,imports
jup_text,trading.chains.solana.jupiter_executor
jup_text,trading.orders.order_manager
main,config.config_manager
main,core.engine
main,core.portfolio_manager
main,core.risk_manager
main,data.collectors.dexscreener
main,data.storage.cache
main,data.storage.database
main,ml.models.ensemble_model
main,monitoring.alerts
main,monitoring.enhanced_dashboard
main,monitoring.logger
main,security.encryption
main,security.wallet_security
main,trading.orders.order_manager
test_dexscreener_solana,data.collectors.dexscreener
test_solana,trading.chains.solana
analysis.dev_analyzer,utils.constants
analysis.dev_analyzer,utils.helpers
analysis.liquidity_monitor,core.event_bus
analysis.liquidity_monitor,data.storage.cache
analysis.liquidity_monitor,data.storage.database
analysis.liquidity_monitor,monitoring.alerts
analysis.market_analyzer,core.event_bus
analysis.market_analyzer,data.storage.cache
analysis.market_analyzer,data.storage.database
analysis.market_analyzer,ml.models.ensemble_model
analysis.pump_predictor,analysis.market_analyzer
analysis.pump_predictor,core.event_bus
analysis.pump_predictor,data.storage.cache
analysis.pump_predictor,data.storage.database
analysis.pump_predictor,ml.models.pump_predictor
analysis.smart_contract_analyzer,utils.constants
analysis.smart_contract_analyzer,utils.helpers
analysis.token_scorer,analysis.liquidity_monitor
analysis.token_scorer,analysis.market_analyzer
analysis.token_scorer,analysis.rug_detector
analysis.token_scorer,core.event_bus
analysis.token_scorer,data.storage.cache
analysis.token_scorer,data.storage.database
analysis.token_scorer,ml.models.ensemble_model
config.config_manager,security.encryption
core.engine,config.config_manager
core.engine,core.decision_maker
core.engine,core.event_bus
core.engine,core.pattern_analyzer
core.engine,core.portfolio_manager
core.engine,core.risk_manager
core.engine,data.collectors.chain_data
core.engine,data.collectors.dexscreener
core.engine,data.collectors.honeypot_checker
core.engine,data.collectors.mempool_monitor
core.engine,data.collectors.social_data
core.engine,data.collectors.whale_tracker
core.engine,data.storage.database
core.engine,ml.models.ensemble_model
core.engine,ml.optimization.hyperparameter
core.engine,ml.optimization.reinforcement
core.engine,monitoring.alerts
core.engine,monitoring.logger
core.engine,monitoring.performance
core.engine,security.wallet_security
core.engine,trading.chains.solana.jupiter_executor
core.engine,trading.chains.solana.solana_client
core.engine,trading.executors.base_executor
core.engine,trading.orders.order_manager
core.engine,trading.orders.position_tracker
core.engine,trading.strategies
core.risk_manager,data.collectors.chain_data
core.risk_manager,data.collectors.honeypot_checker
core.risk_manager,security.wallet_security
data.collectors.honeypot_checker,utils.constants
data.collectors.honeypot_checker,utils.helpers
data.collectors.social_data,utils.constants
data.collectors.social_data,utils.helpers
data.collectors.token_sniffer,utils.constants
data.collectors.token_sniffer,utils.helpers
data.collectors.volume_analyzer,utils.constants
data.collectors.volume_analyzer,utils.helpers
data.collectors.whale_tracker,utils.constants
data.collectors.whale_tracker,utils.helpers
ml.models.ensemble_model,config.config_manager
ml.models.ensemble_model,data.collectors.dexscreener
monitoring.enhanced_dashboard,config.config_manager
scripts.retrain_models,ml.models.pump_predictor
scripts.retrain_models,ml.models.rug_classifier
scripts.retrain_models,ml.models.volume_validator
scripts.solana_wallet_balance,trading.chains.solana.solana_client
scripts.test_alerts,monitoring.alerts
scripts.test_solana_setup,trading.chains.solana
scripts.update_models,ml.models.ensemble_model
security.wallet_security,security.encryption
tests.conftest,config.config_manager
tests.conftest,core.engine
tests.conftest,core.risk_manager
tests.conftest,data.storage.cache
tests.conftest,data.storage.database
tests.conftest,security.audit_logger
tests.conftest,security.wallet_security
tests.integration.test_data_integration,data.collectors.dexscreener
tests.integration.test_data_integration,data.collectors.honeypot_checker
tests.integration.test_data_integration,data.collectors.whale_tracker
tests.integration.test_data_integration,data.processors.aggregator
tests.integration.test_data_integration,data.storage.cache
tests.integration.test_data_integration,data.storage.database
tests.integration.test_dexscreener,data.collectors.dexscreener
tests.integration.test_ml_integration,data.storage.database
tests.integration.test_ml_integration,ml.models.ensemble_model
tests.integration.test_ml_integration,ml.models.pump_predictor
tests.integration.test_ml_integration,ml.models.rug_classifier
tests.integration.test_trading_integration,trading.orders.order_manager
tests.integration.test_trading_integration,trading.orders.position_tracker
tests.integration.test_trading_integration,trading.strategies.momentum
tests.integration.test_trading_integration,trading.strategies.scalping
tests.performance.test_performance,core.engine
tests.performance.test_performance,data.storage.cache
tests.performance.test_performance,data.storage.database
tests.performance.test_performance,ml.models.rug_classifier
tests.performance.test_performance,trading.orders.order_manager
tests.security.test_security,config.validation
tests.security.test_security,security.api_security
tests.security.test_security,security.audit_logger
tests.security.test_security,security.encryption
tests.security.test_security,security.wallet_security
tests.smoke.test_smoke,core.engine
tests.smoke.test_smoke,ml.models.rug_classifier
tests.unit.test_engine,core.engine
tests.unit.test_engine,core.risk_manager
tests.unit.test_risk_manager,core.risk_manager
trading.chains.solana.jupiter_executor,trading.executors.base_executor
trading.executors.direct_dex,trading.executors.base_executor
trading.executors.direct_dex,trading.orders.order_manager
trading.executors.direct_dex,utils.constants
trading.executors.direct_dex,utils.helpers
trading.executors.mev_protection,security.encryption
trading.executors.mev_protection,trading.executors.base_executor
trading.executors.mev_protection,trading.orders.order_manager
trading.executors.mev_protection,utils.helpers
trading.executors.toxisol_api,security.encryption
trading.executors.toxisol_api,trading.executors.base_executor
trading.executors.toxisol_api,trading.orders.order_manager
trading.executors.toxisol_api,utils.helpers
trading.orders.position_tracker,config.config_manager
trading.strategies.ai_strategy,core.pattern_analyzer
trading.strategies.ai_strategy,ml.models.ensemble_model
trading.strategies.ai_strategy,ml.models.pump_predictor
trading.strategies.ai_strategy,ml.models.rug_classifier
trading.strategies.ai_strategy,utils.helpers
trading.strategies.base_strategy,utils.constants
trading.strategies.base_strategy,utils.helpers
trading.strategies.scalping,utils.constants
trading.strategies.scalping,utils.helpers
